"TerminalIdentity","CapturedPlayfieldId","MatchedPlayfield","PlayfieldName","ComputedVendorId","TemplateId","TerminalName","ProposedVendorHash","ProposedInventoryHash","Slot","LowId","LowName","HighId","HighName","Quality","ItemPair"
"(VendingMachine:12DDBBD1)","1030147","4572","Heavenly Business - Advanced","299630593","155285","General Tools and Bases - Advanced","GToolA","GTBA","0","155546","Cheap Mass Relocating Robot","155588","Mass Relocating Robot","40","155546:155588"
"(VendingMachine:12DDBBD1)","1030147","4572","Heavenly Business - Advanced","299630593","155285","General Tools and Bases - Advanced","GToolA","GTBA","1","155546","Cheap Mass Relocating Robot","155588","Mass Relocating Robot","43","155546:155588"
"(VendingMachine:12DDBBD1)","1030147","4572","Heavenly Business - Advanced","299630593","155285","General Tools and Bases - Advanced","GToolA","GTBA","2","156054","Expendable Hologram Camera","156054","Expendable Hologram Camera","1","156054:156054"
"(VendingMachine:12DDBBD1)","1030147","4572","Heavenly Business - Advanced","299630593","155285","General Tools and Bases - Advanced","GToolA","GTBA","3","164557","Field Quantum Physics All-Purpose Tool","164558","Field Quantum Physics All-Purpose Tool","52","164557:164558"
"(VendingMachine:12DDBBD1)","1030147","4572","Heavenly Business - Advanced","299630593","155285","General Tools and Bases - Advanced","GToolA","GTBA","4","164557","Field Quantum Physics All-Purpose Tool","164558","Field Quantum Physics All-Purpose Tool","56","164557:164558"
"(VendingMachine:12DDBBD1)","1030147","4572","Heavenly Business - Advanced","299630593","155285","General Tools and Bases - Advanced","GToolA","GTBA","5","164557","Field Quantum Physics All-Purpose Tool","164558","Field Quantum Physics All-Purpose Tool","72","164557:164558"
"(VendingMachine:12DDBBD1)","1030147","4572","Heavenly Business - Advanced","299630593","155285","General Tools and Bases - Advanced","GToolA","GTBA","6","156339","ID-extractor","156339","ID-extractor","1","156339:156339"
"(VendingMachine:12DDBBD1)","1030147","4572","Heavenly Business - Advanced","299630593","155285","General Tools and Bases - Advanced","GToolA","GTBA","7","149822","Isotope Separator","149821","Isotope Separator","61","149822:149821"
"(VendingMachine:12DDBBD1)","1030147","4572","Heavenly Business - Advanced","299630593","155285","General Tools and Bases - Advanced","GToolA","GTBA","8","149822","Isotope Separator","149821","Isotope Separator","66","149822:149821"
"(VendingMachine:12DDBBD1)","1030147","4572","Heavenly Business - Advanced","299630593","155285","General Tools and Bases - Advanced","GToolA","GTBA","9","149821","Isotope Separator","149820","Isotope Separator","83","149821:149820"
"(VendingMachine:12DDBBD1)","1030147","4572","Heavenly Business - Advanced","299630593","155285","General Tools and Bases - Advanced","GToolA","GTBA","10","150277","Jensen Personal Ore Extractor","150278","Jensen Personal Ore Extractor","61","150277:150278"
"(VendingMachine:12DDBBD1)","1030147","4572","Heavenly Business - Advanced","299630593","155285","General Tools and Bases - Advanced","GToolA","GTBA","11","150277","Jensen Personal Ore Extractor","150278","Jensen Personal Ore Extractor","67","150277:150278"
"(VendingMachine:12DDBBD1)","1030147","4572","Heavenly Business - Advanced","299630593","155285","General Tools and Bases - Advanced","GToolA","GTBA","12","150277","Jensen Personal Ore Extractor","150278","Jensen Personal Ore Extractor","68","150277:150278"
"(VendingMachine:12DDBBD1)","1030147","4572","Heavenly Business - Advanced","299630593","155285","General Tools and Bases - Advanced","GToolA","GTBA","13","155588","Mass Relocating Robot","155589","Advanced Mass Relocating Robot","71","155588:155589"
"(VendingMachine:12DDBBD1)","1030147","4572","Heavenly Business - Advanced","299630593","155285","General Tools and Bases - Advanced","GToolA","GTBA","14","149817","Neutron Displacer","149816","Neutron Displacer","70","149817:149816"
"(VendingMachine:12DDBBD1)","1030147","4572","Heavenly Business - Advanced","299630593","155285","General Tools and Bases - Advanced","GToolA","GTBA","15","149816","Neutron Displacer","149815","Neutron Displacer","79","149816:149815"
"(VendingMachine:12DDBBD1)","1030147","4572","Heavenly Business - Advanced","299630593","155285","General Tools and Bases - Advanced","GToolA","GTBA","16","149816","Neutron Displacer","149815","Neutron Displacer","89","149816:149815"
"(VendingMachine:12DDBBD3)","1030147","4572","Heavenly Business - Advanced","299630595","155288","Pharmacy and Chemistry Tools and Bases - Advanced","PCTlA","PCTA","0","154329","Antiseptic Jar","154330","HQ Antiseptic Jar","40","154329:154330"
"(VendingMachine:12DDBBD3)","1030147","4572","Heavenly Business - Advanced","299630595","155288","Pharmacy and Chemistry Tools and Bases - Advanced","PCTlA","PCTA","1","154329","Antiseptic Jar","154330","HQ Antiseptic Jar","43","154329:154330"
"(VendingMachine:12DDBBD3)","1030147","4572","Heavenly Business - Advanced","299630595","155288","Pharmacy and Chemistry Tools and Bases - Advanced","PCTlA","PCTA","2","154331","Basic Bio-Comminutor","154332","Advanced Bio-Comminutor","61","154331:154332"
"(VendingMachine:12DDBBD3)","1030147","4572","Heavenly Business - Advanced","299630595","155288","Pharmacy and Chemistry Tools and Bases - Advanced","PCTlA","PCTA","3","154331","Basic Bio-Comminutor","154332","Advanced Bio-Comminutor","83","154331:154332"
"(VendingMachine:12DDBBD3)","1030147","4572","Heavenly Business - Advanced","299630595","155288","Pharmacy and Chemistry Tools and Bases - Advanced","PCTlA","PCTA","4","247234","Empty Stim Unit","247235","Empty Stim Unit","57","247234:247235"
"(VendingMachine:12DDBBD3)","1030147","4572","Heavenly Business - Advanced","299630595","155288","Pharmacy and Chemistry Tools and Bases - Advanced","PCTlA","PCTA","5","247234","Empty Stim Unit","247235","Empty Stim Unit","59","247234:247235"
"(VendingMachine:12DDBBD3)","1030147","4572","Heavenly Business - Advanced","299630595","155288","Pharmacy and Chemistry Tools and Bases - Advanced","PCTlA","PCTA","6","162294","HSR - Sketch and Etch - Arms","162294","HSR - Sketch and Etch - Arms","10","162294:162294"
"(VendingMachine:12DDBBD3)","1030147","4572","Heavenly Business - Advanced","299630595","155288","Pharmacy and Chemistry Tools and Bases - Advanced","PCTlA","PCTA","7","162293","HSR - Sketch and Etch - Boots","162293","HSR - Sketch and Etch - Boots","10","162293:162293"
"(VendingMachine:12DDBBD3)","1030147","4572","Heavenly Business - Advanced","299630595","155288","Pharmacy and Chemistry Tools and Bases - Advanced","PCTlA","PCTA","8","162290","HSR - Sketch and Etch - Chestpiece","162290","HSR - Sketch and Etch - Chestpiece","10","162290:162290"
"(VendingMachine:12DDBBD3)","1030147","4572","Heavenly Business - Advanced","299630595","155288","Pharmacy and Chemistry Tools and Bases - Advanced","PCTlA","PCTA","9","162289","HSR - Sketch and Etch - Gloves","162289","HSR - Sketch and Etch - Gloves","10","162289:162289"
"(VendingMachine:12DDBBD3)","1030147","4572","Heavenly Business - Advanced","299630595","155288","Pharmacy and Chemistry Tools and Bases - Advanced","PCTlA","PCTA","10","162292","HSR - Sketch and Etch - Helmet","162292","HSR - Sketch and Etch - Helmet","10","162292:162292"
"(VendingMachine:12DDBBD3)","1030147","4572","Heavenly Business - Advanced","299630595","155288","Pharmacy and Chemistry Tools and Bases - Advanced","PCTlA","PCTA","11","162291","HSR - Sketch and Etch - Legs","162291","HSR - Sketch and Etch - Legs","10","162291:162291"
"(VendingMachine:12DDBBD3)","1030147","4572","Heavenly Business - Advanced","299630595","155288","Pharmacy and Chemistry Tools and Bases - Advanced","PCTlA","PCTA","12","206733","Semi-Finished First-Aid Kit","206734","Semi-Finished First-Aid Kit","61","206733:206734"
"(VendingMachine:12DDBBD3)","1030147","4572","Heavenly Business - Advanced","299630595","155288","Pharmacy and Chemistry Tools and Bases - Advanced","PCTlA","PCTA","13","206733","Semi-Finished First-Aid Kit","206734","Semi-Finished First-Aid Kit","67","206733:206734"
"(VendingMachine:12DDBBD3)","1030147","4572","Heavenly Business - Advanced","299630595","155288","Pharmacy and Chemistry Tools and Bases - Advanced","PCTlA","PCTA","14","207504","Semi-Finished Nano Kit","207505","Semi-Finished Nano Kit","52","207504:207505"
"(VendingMachine:12DDBBD3)","1030147","4572","Heavenly Business - Advanced","299630595","155288","Pharmacy and Chemistry Tools and Bases - Advanced","PCTlA","PCTA","15","207504","Semi-Finished Nano Kit","207505","Semi-Finished Nano Kit","56","207504:207505"
"(VendingMachine:12DDBBD3)","1030147","4572","Heavenly Business - Advanced","299630595","155288","Pharmacy and Chemistry Tools and Bases - Advanced","PCTlA","PCTA","16","207501","Semi-Finished Nano Recharger","207503","Semi-Finished Nano Recharger","54","207501:207503"
"(VendingMachine:12DDBBD3)","1030147","4572","Heavenly Business - Advanced","299630595","155288","Pharmacy and Chemistry Tools and Bases - Advanced","PCTlA","PCTA","17","207501","Semi-Finished Nano Recharger","207503","Semi-Finished Nano Recharger","81","207501:207503"
"(VendingMachine:12DDBBD3)","1030147","4572","Heavenly Business - Advanced","299630595","155288","Pharmacy and Chemistry Tools and Bases - Advanced","PCTlA","PCTA","18","206737","Semi-Finished Treatment Laboratory","206738","Semi-Finished Treatment Laboratory","79","206737:206738"
"(VendingMachine:12DDBBD3)","1030147","4572","Heavenly Business - Advanced","299630595","155288","Pharmacy and Chemistry Tools and Bases - Advanced","PCTlA","PCTA","19","206737","Semi-Finished Treatment Laboratory","206738","Semi-Finished Treatment Laboratory","89","206737:206738"
"(VendingMachine:12DDBBD2)","1030147","4572","Heavenly Business - Advanced","299630594","155291","Tools for Electrical and Mechanical Engineering - Advanced","EMTlA","EMTA","0","151366","Jensen Gem Cutter","151366","Jensen Gem Cutter","10","151366:151366"
"(VendingMachine:12DDBBD2)","1030147","4572","Heavenly Business - Advanced","299630594","155291","Tools for Electrical and Mechanical Engineering - Advanced","EMTlA","EMTA","1","150929","Precious Metal Reclaimer","150929","Precious Metal Reclaimer","10","150929:150929"
"(VendingMachine:12DDBBD2)","1030147","4572","Heavenly Business - Advanced","299630594","155291","Tools for Electrical and Mechanical Engineering - Advanced","EMTlA","EMTA","2","150922","Screwdriver","150922","Screwdriver","10","150922:150922"
"(VendingMachine:12DDBBD2)","1030147","4572","Heavenly Business - Advanced","299630594","155291","Tools for Electrical and Mechanical Engineering - Advanced","EMTlA","EMTA","3","150916","Wire Drawing Machine","150917","Wire Drawing Machine","79","150916:150917"
"(VendingMachine:12DDBBD2)","1030147","4572","Heavenly Business - Advanced","299630594","155291","Tools for Electrical and Mechanical Engineering - Advanced","EMTlA","EMTA","4","150916","Wire Drawing Machine","150917","Wire Drawing Machine","89","150916:150917"
"(VendingMachine:12DDBBD9)","1030147","4572","Heavenly Business - Advanced","299630601","155312","Nano Crystal Components - Advanced","NCCmpA","NCCA","0","149888","Crystal Reflection Pattern - Combat","149887","Crystal Reflection Pattern - Combat","31","149888:149887"
"(VendingMachine:12DDBBD9)","1030147","4572","Heavenly Business - Advanced","299630601","155312","Nano Crystal Components - Advanced","NCCmpA","NCCA","1","149888","Crystal Reflection Pattern - Combat","149887","Crystal Reflection Pattern - Combat","40","149888:149887"
"(VendingMachine:12DDBBD9)","1030147","4572","Heavenly Business - Advanced","299630601","155312","Nano Crystal Components - Advanced","NCCmpA","NCCA","2","149888","Crystal Reflection Pattern - Combat","149887","Crystal Reflection Pattern - Combat","43","149888:149887"
"(VendingMachine:12DDBBD9)","1030147","4572","Heavenly Business - Advanced","299630601","155312","Nano Crystal Components - Advanced","NCCmpA","NCCA","3","149887","Crystal Reflection Pattern - Combat","149886","Crystal Reflection Pattern - Combat","60","149887:149886"
"(VendingMachine:12DDBBD9)","1030147","4572","Heavenly Business - Advanced","299630601","155312","Nano Crystal Components - Advanced","NCCmpA","NCCA","4","149887","Crystal Reflection Pattern - Combat","149886","Crystal Reflection Pattern - Combat","71","149887:149886"
"(VendingMachine:12DDBBD9)","1030147","4572","Heavenly Business - Advanced","299630601","155312","Nano Crystal Components - Advanced","NCCmpA","NCCA","5","149883","Crystal Reflection Pattern - Medical","149882","Crystal Reflection Pattern - Medical","41","149883:149882"
"(VendingMachine:12DDBBD9)","1030147","4572","Heavenly Business - Advanced","299630601","155312","Nano Crystal Components - Advanced","NCCmpA","NCCA","6","149882","Crystal Reflection Pattern - Medical","149881","Crystal Reflection Pattern - Medical","61","149882:149881"
"(VendingMachine:12DDBBD9)","1030147","4572","Heavenly Business - Advanced","299630601","155312","Nano Crystal Components - Advanced","NCCmpA","NCCA","7","149882","Crystal Reflection Pattern - Medical","149881","Crystal Reflection Pattern - Medical","66","149882:149881"
"(VendingMachine:12DDBBD9)","1030147","4572","Heavenly Business - Advanced","299630601","155312","Nano Crystal Components - Advanced","NCCmpA","NCCA","8","149881","Crystal Reflection Pattern - Medical","149880","Crystal Reflection Pattern - Medical","83","149881:149880"
"(VendingMachine:12DDBBD9)","1030147","4572","Heavenly Business - Advanced","299630601","155312","Nano Crystal Components - Advanced","NCCmpA","NCCA","9","149881","Crystal Reflection Pattern - Medical","149880","Crystal Reflection Pattern - Medical","85","149881:149880"
"(VendingMachine:12DDBBD9)","1030147","4572","Heavenly Business - Advanced","299630601","155312","Nano Crystal Components - Advanced","NCCmpA","NCCA","10","149873","Crystal Reflection Pattern - PSI","149872","Crystal Reflection Pattern - PSI","35","149873:149872"
"(VendingMachine:12DDBBD9)","1030147","4572","Heavenly Business - Advanced","299630601","155312","Nano Crystal Components - Advanced","NCCmpA","NCCA","11","149872","Crystal Reflection Pattern - PSI","149871","Crystal Reflection Pattern - PSI","52","149872:149871"
"(VendingMachine:12DDBBD9)","1030147","4572","Heavenly Business - Advanced","299630601","155312","Nano Crystal Components - Advanced","NCCmpA","NCCA","12","149872","Crystal Reflection Pattern - PSI","149871","Crystal Reflection Pattern - PSI","56","149872:149871"
"(VendingMachine:12DDBBD9)","1030147","4572","Heavenly Business - Advanced","299630601","155312","Nano Crystal Components - Advanced","NCCmpA","NCCA","13","149872","Crystal Reflection Pattern - PSI","149871","Crystal Reflection Pattern - PSI","66","149872:149871"
"(VendingMachine:12DDBBD9)","1030147","4572","Heavenly Business - Advanced","299630601","155312","Nano Crystal Components - Advanced","NCCmpA","NCCA","14","149872","Crystal Reflection Pattern - PSI","149871","Crystal Reflection Pattern - PSI","72","149872:149871"
"(VendingMachine:12DDBBD9)","1030147","4572","Heavenly Business - Advanced","299630601","155312","Nano Crystal Components - Advanced","NCCmpA","NCCA","15","149878","Crystal Reflection Pattern - Protection","149877","Crystal Reflection Pattern - Protection","33","149878:149877"
"(VendingMachine:12DDBBD9)","1030147","4572","Heavenly Business - Advanced","299630601","155312","Nano Crystal Components - Advanced","NCCmpA","NCCA","16","149877","Crystal Reflection Pattern - Protection","149876","Crystal Reflection Pattern - Protection","61","149877:149876"
"(VendingMachine:12DDBBD9)","1030147","4572","Heavenly Business - Advanced","299630601","155312","Nano Crystal Components - Advanced","NCCmpA","NCCA","17","149877","Crystal Reflection Pattern - Protection","149876","Crystal Reflection Pattern - Protection","67","149877:149876"
"(VendingMachine:12DDBBD9)","1030147","4572","Heavenly Business - Advanced","299630601","155312","Nano Crystal Components - Advanced","NCCmpA","NCCA","18","149877","Crystal Reflection Pattern - Protection","149876","Crystal Reflection Pattern - Protection","68","149877:149876"
"(VendingMachine:12DDBBD9)","1030147","4572","Heavenly Business - Advanced","299630601","155312","Nano Crystal Components - Advanced","NCCmpA","NCCA","19","149877","Crystal Reflection Pattern - Protection","149876","Crystal Reflection Pattern - Protection","69","149877:149876"
"(VendingMachine:12DDBBD9)","1030147","4572","Heavenly Business - Advanced","299630601","155312","Nano Crystal Components - Advanced","NCCmpA","NCCA","20","149867","Crystal Reflection Pattern - Space","149866","Crystal Reflection Pattern - Space","52","149867:149866"
"(VendingMachine:12DDBBD9)","1030147","4572","Heavenly Business - Advanced","299630601","155312","Nano Crystal Components - Advanced","NCCmpA","NCCA","21","149867","Crystal Reflection Pattern - Space","149866","Crystal Reflection Pattern - Space","57","149867:149866"
"(VendingMachine:12DDBBD9)","1030147","4572","Heavenly Business - Advanced","299630601","155312","Nano Crystal Components - Advanced","NCCmpA","NCCA","22","149867","Crystal Reflection Pattern - Space","149866","Crystal Reflection Pattern - Space","70","149867:149866"
"(VendingMachine:12DDBBD9)","1030147","4572","Heavenly Business - Advanced","299630601","155312","Nano Crystal Components - Advanced","NCCmpA","NCCA","23","149866","Crystal Reflection Pattern - Space","149865","Crystal Reflection Pattern - Space","79","149866:149865"
"(VendingMachine:12DDBBD9)","1030147","4572","Heavenly Business - Advanced","299630601","155312","Nano Crystal Components - Advanced","NCCmpA","NCCA","24","149866","Crystal Reflection Pattern - Space","149865","Crystal Reflection Pattern - Space","89","149866:149865"
"(VendingMachine:12DDBBD9)","1030147","4572","Heavenly Business - Advanced","299630601","155312","Nano Crystal Components - Advanced","NCCmpA","NCCA","25","156062","Empty Instruction Disc","156063","Empty Instruction Disc","39","156062:156063"
"(VendingMachine:12DDBBD9)","1030147","4572","Heavenly Business - Advanced","299630601","155312","Nano Crystal Components - Advanced","NCCmpA","NCCA","26","156062","Empty Instruction Disc","156063","Empty Instruction Disc","54","156062:156063"
"(VendingMachine:12DDBBD9)","1030147","4572","Heavenly Business - Advanced","299630601","155312","Nano Crystal Components - Advanced","NCCmpA","NCCA","27","156062","Empty Instruction Disc","156063","Empty Instruction Disc","60","156062:156063"
"(VendingMachine:12DDBBD9)","1030147","4572","Heavenly Business - Advanced","299630601","155312","Nano Crystal Components - Advanced","NCCmpA","NCCA","28","156062","Empty Instruction Disc","156063","Empty Instruction Disc","79","156062:156063"
"(VendingMachine:12DDBBD9)","1030147","4572","Heavenly Business - Advanced","299630601","155312","Nano Crystal Components - Advanced","NCCmpA","NCCA","29","156062","Empty Instruction Disc","156063","Empty Instruction Disc","81","156062:156063"
"(VendingMachine:12DDBBD9)","1030147","4572","Heavenly Business - Advanced","299630601","155312","Nano Crystal Components - Advanced","NCCmpA","NCCA","30","149863","Photon Particle Emitter","149862","Photon Particle Emitter","48","149863:149862"
"(VendingMachine:12DDBBD9)","1030147","4572","Heavenly Business - Advanced","299630601","155312","Nano Crystal Components - Advanced","NCCmpA","NCCA","31","149862","Photon Particle Emitter","149861","Photon Particle Emitter","54","149862:149861"
"(VendingMachine:12DDBBD9)","1030147","4572","Heavenly Business - Advanced","299630601","155312","Nano Crystal Components - Advanced","NCCmpA","NCCA","32","149861","Photon Particle Emitter","149860","Photon Particle Emitter","81","149861:149860"
"(VendingMachine:12DDBBD9)","1030147","4572","Heavenly Business - Advanced","299630601","155312","Nano Crystal Components - Advanced","NCCmpA","NCCA","33","149861","Photon Particle Emitter","149860","Photon Particle Emitter","85","149861:149860"
"(VendingMachine:12DDBBD9)","1030147","4572","Heavenly Business - Advanced","299630601","155312","Nano Crystal Components - Advanced","NCCmpA","NCCA","34","149861","Photon Particle Emitter","149860","Photon Particle Emitter","86","149861:149860"
"(VendingMachine:12DDBBD9)","1030147","4572","Heavenly Business - Advanced","299630601","155312","Nano Crystal Components - Advanced","NCCmpA","NCCA","35","149858","Symbol Library - Combat","149857","Symbol Library - Combat","42","149858:149857"
"(VendingMachine:12DDBBD9)","1030147","4572","Heavenly Business - Advanced","299630601","155312","Nano Crystal Components - Advanced","NCCmpA","NCCA","36","149857","Symbol Library - Combat","149856","Symbol Library - Combat","51","149857:149856"
"(VendingMachine:12DDBBD9)","1030147","4572","Heavenly Business - Advanced","299630601","155312","Nano Crystal Components - Advanced","NCCmpA","NCCA","37","149857","Symbol Library - Combat","149856","Symbol Library - Combat","63","149857:149856"
"(VendingMachine:12DDBBD9)","1030147","4572","Heavenly Business - Advanced","299630601","155312","Nano Crystal Components - Advanced","NCCmpA","NCCA","38","149857","Symbol Library - Combat","149856","Symbol Library - Combat","73","149857:149856"
"(VendingMachine:12DDBBD9)","1030147","4572","Heavenly Business - Advanced","299630601","155312","Nano Crystal Components - Advanced","NCCmpA","NCCA","39","149856","Symbol Library - Combat","149855","Symbol Library - Combat","81","149856:149855"
"(VendingMachine:12DDBBD9)","1030147","4572","Heavenly Business - Advanced","299630601","155312","Nano Crystal Components - Advanced","NCCmpA","NCCA","40","149853","Symbol Library - Medical","149852","Symbol Library - Medical","34","149853:149852"
"(VendingMachine:12DDBBD9)","1030147","4572","Heavenly Business - Advanced","299630601","155312","Nano Crystal Components - Advanced","NCCmpA","NCCA","41","149853","Symbol Library - Medical","149852","Symbol Library - Medical","38","149853:149852"
"(VendingMachine:12DDBBD9)","1030147","4572","Heavenly Business - Advanced","299630601","155312","Nano Crystal Components - Advanced","NCCmpA","NCCA","42","149853","Symbol Library - Medical","149852","Symbol Library - Medical","43","149853:149852"
"(VendingMachine:12DDBBD9)","1030147","4572","Heavenly Business - Advanced","299630601","155312","Nano Crystal Components - Advanced","NCCmpA","NCCA","43","149852","Symbol Library - Medical","149851","Symbol Library - Medical","64","149852:149851"
"(VendingMachine:12DDBBD9)","1030147","4572","Heavenly Business - Advanced","299630601","155312","Nano Crystal Components - Advanced","NCCmpA","NCCA","44","149852","Symbol Library - Medical","149851","Symbol Library - Medical","65","149852:149851"
"(VendingMachine:12DDBBD9)","1030147","4572","Heavenly Business - Advanced","299630601","155312","Nano Crystal Components - Advanced","NCCmpA","NCCA","45","149843","Symbol Library - PSI","149842","Symbol Library - PSI","45","149843:149842"
"(VendingMachine:12DDBBD9)","1030147","4572","Heavenly Business - Advanced","299630601","155312","Nano Crystal Components - Advanced","NCCmpA","NCCA","46","149843","Symbol Library - PSI","149842","Symbol Library - PSI","48","149843:149842"
"(VendingMachine:12DDBBD9)","1030147","4572","Heavenly Business - Advanced","299630601","155312","Nano Crystal Components - Advanced","NCCmpA","NCCA","47","149842","Symbol Library - PSI","149841","Symbol Library - PSI","64","149842:149841"
"(VendingMachine:12DDBBD9)","1030147","4572","Heavenly Business - Advanced","299630601","155312","Nano Crystal Components - Advanced","NCCmpA","NCCA","48","149841","Symbol Library - PSI","149841","Symbol Library - PSI","75","149841:149841"
"(VendingMachine:12DDBBD9)","1030147","4572","Heavenly Business - Advanced","299630601","155312","Nano Crystal Components - Advanced","NCCmpA","NCCA","49","149841","Symbol Library - PSI","149840","Symbol Library - PSI","80","149841:149840"
"(VendingMachine:12DDBBD9)","1030147","4572","Heavenly Business - Advanced","299630601","155312","Nano Crystal Components - Advanced","NCCmpA","NCCA","50","149847","Symbol Library - Protection","149846","Symbol Library - Protection","57","149847:149846"
"(VendingMachine:12DDBBD9)","1030147","4572","Heavenly Business - Advanced","299630601","155312","Nano Crystal Components - Advanced","NCCmpA","NCCA","51","149847","Symbol Library - Protection","149846","Symbol Library - Protection","59","149847:149846"
"(VendingMachine:12DDBBD9)","1030147","4572","Heavenly Business - Advanced","299630601","155312","Nano Crystal Components - Advanced","NCCmpA","NCCA","52","149846","Symbol Library - Protection","149846","Symbol Library - Protection","75","149846:149846"
"(VendingMachine:12DDBBD9)","1030147","4572","Heavenly Business - Advanced","299630601","155312","Nano Crystal Components - Advanced","NCCmpA","NCCA","53","149846","Symbol Library - Protection","149845","Symbol Library - Protection","81","149846:149845"
"(VendingMachine:12DDBBD9)","1030147","4572","Heavenly Business - Advanced","299630601","155312","Nano Crystal Components - Advanced","NCCmpA","NCCA","54","149838","Symbol Library - Space","149837","Symbol Library - Space","40","149838:149837"
"(VendingMachine:12DDBBD9)","1030147","4572","Heavenly Business - Advanced","299630601","155312","Nano Crystal Components - Advanced","NCCmpA","NCCA","55","149837","Symbol Library - Space","149836","Symbol Library - Space","53","149837:149836"
"(VendingMachine:12DDBBD9)","1030147","4572","Heavenly Business - Advanced","299630601","155312","Nano Crystal Components - Advanced","NCCmpA","NCCA","56","149837","Symbol Library - Space","149836","Symbol Library - Space","61","149837:149836"
"(VendingMachine:12DDBBD9)","1030147","4572","Heavenly Business - Advanced","299630601","155312","Nano Crystal Components - Advanced","NCCmpA","NCCA","57","149837","Symbol Library - Space","149836","Symbol Library - Space","71","149837:149836"
"(VendingMachine:12DDBBD9)","1030147","4572","Heavenly Business - Advanced","299630601","155312","Nano Crystal Components - Advanced","NCCmpA","NCCA","58","149836","Symbol Library - Space","149835","Symbol Library - Space","85","149836:149835"
"(VendingMachine:12DDBBD7)","1030147","4572","Heavenly Business - Advanced","299630599","155488","Pharmacy and Chemistry Components - Advanced","PCCmpA","PCCA","0","154329","Antiseptic Jar","154330","HQ Antiseptic Jar","40","154329:154330"
"(VendingMachine:12DDBBD7)","1030147","4572","Heavenly Business - Advanced","299630599","155488","Pharmacy and Chemistry Components - Advanced","PCCmpA","PCCA","1","154329","Antiseptic Jar","154330","HQ Antiseptic Jar","43","154329:154330"
"(VendingMachine:12DDBBD7)","1030147","4572","Heavenly Business - Advanced","299630599","155488","Pharmacy and Chemistry Components - Advanced","PCCmpA","PCCA","2","154329","Antiseptic Jar","154330","HQ Antiseptic Jar","71","154329:154330"
"(VendingMachine:12DDBBD7)","1030147","4572","Heavenly Business - Advanced","299630599","155488","Pharmacy and Chemistry Components - Advanced","PCCmpA","PCCA","3","162247","B.B.I. - Nano Enhanced B-12 Tanning Acid","162247","B.B.I. - Nano Enhanced B-12 Tanning Acid","10","162247:162247"
"(VendingMachine:12DDBBD7)","1030147","4572","Heavenly Business - Advanced","299630599","155488","Pharmacy and Chemistry Components - Advanced","PCCmpA","PCCA","4","156050","Drum of Hydrochloric Acid","156051","Drum of Hydrochloric Acid","45","156050:156051"
"(VendingMachine:12DDBBD7)","1030147","4572","Heavenly Business - Advanced","299630599","155488","Pharmacy and Chemistry Components - Advanced","PCCmpA","PCCA","5","156050","Drum of Hydrochloric Acid","156051","Drum of Hydrochloric Acid","48","156050:156051"
"(VendingMachine:12DDBBD7)","1030147","4572","Heavenly Business - Advanced","299630599","155488","Pharmacy and Chemistry Components - Advanced","PCCmpA","PCCA","6","156050","Drum of Hydrochloric Acid","156051","Drum of Hydrochloric Acid","64","156050:156051"
"(VendingMachine:12DDBBD7)","1030147","4572","Heavenly Business - Advanced","299630599","155488","Pharmacy and Chemistry Components - Advanced","PCCmpA","PCCA","7","164951","Inactive OT Metamorphing Liquid Nanobots","164952","Inactive OT Metamorphing Liquid Nanobots","40","164951:164952"
"(VendingMachine:12DDBBD7)","1030147","4572","Heavenly Business - Advanced","299630599","155488","Pharmacy and Chemistry Components - Advanced","PCCmpA","PCCA","8","164951","Inactive OT Metamorphing Liquid Nanobots","164952","Inactive OT Metamorphing Liquid Nanobots","53","164951:164952"
"(VendingMachine:12DDBBD7)","1030147","4572","Heavenly Business - Advanced","299630599","155488","Pharmacy and Chemistry Components - Advanced","PCCmpA","PCCA","9","164951","Inactive OT Metamorphing Liquid Nanobots","164952","Inactive OT Metamorphing Liquid Nanobots","71","164951:164952"
"(VendingMachine:12DDBBD7)","1030147","4572","Heavenly Business - Advanced","299630599","155488","Pharmacy and Chemistry Components - Advanced","PCCmpA","PCCA","10","154267","Mimicking Cellular Oil","154268","Mimicking Cellular Oil","61","154267:154268"
"(VendingMachine:12DDBBD7)","1030147","4572","Heavenly Business - Advanced","299630599","155488","Pharmacy and Chemistry Components - Advanced","PCCmpA","PCCA","11","154267","Mimicking Cellular Oil","154268","Mimicking Cellular Oil","67","154267:154268"
"(VendingMachine:12DDBBD7)","1030147","4572","Heavenly Business - Advanced","299630599","155488","Pharmacy and Chemistry Components - Advanced","PCCmpA","PCCA","12","154267","Mimicking Cellular Oil","154268","Mimicking Cellular Oil","68","154267:154268"
"(VendingMachine:12DDBBD7)","1030147","4572","Heavenly Business - Advanced","299630599","155488","Pharmacy and Chemistry Components - Advanced","PCCmpA","PCCA","13","292219","Pharmaceutical Nanobots","292220","Pharmaceutical Nanobots","39","292219:292220"
"(VendingMachine:12DDBBD7)","1030147","4572","Heavenly Business - Advanced","299630599","155488","Pharmacy and Chemistry Components - Advanced","PCCmpA","PCCA","14","292219","Pharmaceutical Nanobots","292220","Pharmaceutical Nanobots","60","292219:292220"
"(VendingMachine:12DDBBD7)","1030147","4572","Heavenly Business - Advanced","299630599","155488","Pharmacy and Chemistry Components - Advanced","PCCmpA","PCCA","15","292219","Pharmaceutical Nanobots","292220","Pharmaceutical Nanobots","81","292219:292220"
"(VendingMachine:12DDBBD7)","1030147","4572","Heavenly Business - Advanced","299630599","155488","Pharmacy and Chemistry Components - Advanced","PCCmpA","PCCA","16","165120","Pseudo-Nano Multibenzonoxydant Sulphosalycilic Liquid","165121","Pseudo-Nano Multibenzonoxydant Sulphosalycilic Liquid","38","165120:165121"
"(VendingMachine:12DDBBD7)","1030147","4572","Heavenly Business - Advanced","299630599","155488","Pharmacy and Chemistry Components - Advanced","PCCmpA","PCCA","17","165120","Pseudo-Nano Multibenzonoxydant Sulphosalycilic Liquid","165121","Pseudo-Nano Multibenzonoxydant Sulphosalycilic Liquid","43","165120:165121"
"(VendingMachine:12DDBBD7)","1030147","4572","Heavenly Business - Advanced","299630599","155488","Pharmacy and Chemistry Components - Advanced","PCCmpA","PCCA","18","165120","Pseudo-Nano Multibenzonoxydant Sulphosalycilic Liquid","165121","Pseudo-Nano Multibenzonoxydant Sulphosalycilic Liquid","64","165120:165121"
"(VendingMachine:12DDBBD7)","1030147","4572","Heavenly Business - Advanced","299630599","155488","Pharmacy and Chemistry Components - Advanced","PCCmpA","PCCA","19","154265","Receptive Bots","154266","Receptive Bots","70","154265:154266"
"(VendingMachine:12DDBBD7)","1030147","4572","Heavenly Business - Advanced","299630599","155488","Pharmacy and Chemistry Components - Advanced","PCCmpA","PCCA","20","154265","Receptive Bots","154266","Receptive Bots","79","154265:154266"
"(VendingMachine:12DDBBD7)","1030147","4572","Heavenly Business - Advanced","299630599","155488","Pharmacy and Chemistry Components - Advanced","PCCmpA","PCCA","21","154265","Receptive Bots","154266","Receptive Bots","89","154265:154266"
"(VendingMachine:12DDBBD7)","1030147","4572","Heavenly Business - Advanced","299630599","155488","Pharmacy and Chemistry Components - Advanced","PCCmpA","PCCA","22","154343","Revitalizing Serum","154344","Revitalizing Serum","52","154343:154344"
"(VendingMachine:12DDBBD7)","1030147","4572","Heavenly Business - Advanced","299630599","155488","Pharmacy and Chemistry Components - Advanced","PCCmpA","PCCA","23","154343","Revitalizing Serum","154344","Revitalizing Serum","56","154343:154344"
"(VendingMachine:12DDBBD7)","1030147","4572","Heavenly Business - Advanced","299630599","155488","Pharmacy and Chemistry Components - Advanced","PCCmpA","PCCA","24","154343","Revitalizing Serum","154344","Revitalizing Serum","72","154343:154344"
"(VendingMachine:12DDBBD7)","1030147","4572","Heavenly Business - Advanced","299630599","155488","Pharmacy and Chemistry Components - Advanced","PCCmpA","PCCA","25","154666","Shining Nano Knot of Muscular Increase","154667","Shining Nano Knot of Muscular Increase","57","154666:154667"
"(VendingMachine:12DDBBD7)","1030147","4572","Heavenly Business - Advanced","299630599","155488","Pharmacy and Chemistry Components - Advanced","PCCmpA","PCCA","26","154666","Shining Nano Knot of Muscular Increase","154667","Shining Nano Knot of Muscular Increase","59","154666:154667"
"(VendingMachine:12DDBBD7)","1030147","4572","Heavenly Business - Advanced","299630599","155488","Pharmacy and Chemistry Components - Advanced","PCCmpA","PCCA","27","154269","Shining Nano Knot of Restoration","154270","Shining Nano Knot of Restoration","61","154269:154270"
"(VendingMachine:12DDBBD7)","1030147","4572","Heavenly Business - Advanced","299630599","155488","Pharmacy and Chemistry Components - Advanced","PCCmpA","PCCA","28","154269","Shining Nano Knot of Restoration","154270","Shining Nano Knot of Restoration","66","154269:154270"
"(VendingMachine:12DDBBD7)","1030147","4572","Heavenly Business - Advanced","299630599","155488","Pharmacy and Chemistry Components - Advanced","PCCmpA","PCCA","29","154269","Shining Nano Knot of Restoration","154270","Shining Nano Knot of Restoration","83","154269:154270"
"(VendingMachine:12DDBBD7)","1030147","4572","Heavenly Business - Advanced","299630599","155488","Pharmacy and Chemistry Components - Advanced","PCCmpA","PCCA","30","154339","Treatment Laboratory Bot-Injector","154340","Treatment Laboratory Bot-Injector","48","154339:154340"
"(VendingMachine:12DDBBD7)","1030147","4572","Heavenly Business - Advanced","299630599","155488","Pharmacy and Chemistry Components - Advanced","PCCmpA","PCCA","31","154339","Treatment Laboratory Bot-Injector","154340","Treatment Laboratory Bot-Injector","54","154339:154340"
"(VendingMachine:12DDBBD7)","1030147","4572","Heavenly Business - Advanced","299630599","155488","Pharmacy and Chemistry Components - Advanced","PCCmpA","PCCA","32","154339","Treatment Laboratory Bot-Injector","154340","Treatment Laboratory Bot-Injector","81","154339:154340"
"(VendingMachine:12DDBBD7)","1030147","4572","Heavenly Business - Advanced","299630599","155488","Pharmacy and Chemistry Components - Advanced","PCCmpA","PCCA","33","154908","XU-11 Serum","154909","XU-11 Serum","42","154908:154909"
"(VendingMachine:12DDBBD7)","1030147","4572","Heavenly Business - Advanced","299630599","155488","Pharmacy and Chemistry Components - Advanced","PCCmpA","PCCA","34","154908","XU-11 Serum","154909","XU-11 Serum","73","154908:154909"
"(VendingMachine:12DDBBD7)","1030147","4572","Heavenly Business - Advanced","299630599","155488","Pharmacy and Chemistry Components - Advanced","PCCmpA","PCCA","35","154908","XU-11 Serum","154909","XU-11 Serum","81","154908:154909"
"(VendingMachine:12DDBBD6)","1030147","4572","Heavenly Business - Advanced","299630598","155494","Mechanical and Electrical Engineering Components - Advanced","MECmpA","MECA","0","156012","Basic Flexible Shaft","156013","Basic Flexible Shaft","70","156012:156013"
"(VendingMachine:12DDBBD6)","1030147","4572","Heavenly Business - Advanced","299630598","155494","Mechanical and Electrical Engineering Components - Advanced","MECmpA","MECA","1","156012","Basic Flexible Shaft","156013","Basic Flexible Shaft","79","156012:156013"
"(VendingMachine:12DDBBD6)","1030147","4572","Heavenly Business - Advanced","299630598","155494","Mechanical and Electrical Engineering Components - Advanced","MECmpA","MECA","2","156012","Basic Flexible Shaft","156013","Basic Flexible Shaft","89","156012:156013"
"(VendingMachine:12DDBBD6)","1030147","4572","Heavenly Business - Advanced","299630598","155494","Mechanical and Electrical Engineering Components - Advanced","MECmpA","MECA","3","156020","Bio Analyzing Computer","156021","Bio Analyzing Computer","48","156020:156021"
"(VendingMachine:12DDBBD6)","1030147","4572","Heavenly Business - Advanced","299630598","155494","Mechanical and Electrical Engineering Components - Advanced","MECmpA","MECA","4","156020","Bio Analyzing Computer","156021","Bio Analyzing Computer","54","156020:156021"
"(VendingMachine:12DDBBD6)","1030147","4572","Heavenly Business - Advanced","299630598","155494","Mechanical and Electrical Engineering Components - Advanced","MECmpA","MECA","5","156020","Bio Analyzing Computer","156021","Bio Analyzing Computer","81","156020:156021"
"(VendingMachine:12DDBBD6)","1030147","4572","Heavenly Business - Advanced","299630598","155494","Mechanical and Electrical Engineering Components - Advanced","MECmpA","MECA","6","151365","Generic Ring Template","151365","Generic Ring Template","10","151365:151365"
"(VendingMachine:12DDBBD6)","1030147","4572","Heavenly Business - Advanced","299630598","155494","Mechanical and Electrical Engineering Components - Advanced","MECmpA","MECA","7","156024","MasterComm - Personalization Device","156025","MasterComm - Personalization Device","57","156024:156025"
"(VendingMachine:12DDBBD6)","1030147","4572","Heavenly Business - Advanced","299630598","155494","Mechanical and Electrical Engineering Components - Advanced","MECmpA","MECA","8","156024","MasterComm - Personalization Device","156025","MasterComm - Personalization Device","59","156024:156025"
"(VendingMachine:12DDBBD6)","1030147","4572","Heavenly Business - Advanced","299630598","155494","Mechanical and Electrical Engineering Components - Advanced","MECmpA","MECA","9","150930","Personal Furnace","150930","Personal Furnace","10","150930:150930"
"(VendingMachine:12DDBBD6)","1030147","4572","Heavenly Business - Advanced","299630598","155494","Mechanical and Electrical Engineering Components - Advanced","MECmpA","MECA","10","156016","Sheet of Curved Carbonum Plating","156017","Sheet of Curved Carbonum Plating","52","156016:156017"
"(VendingMachine:12DDBBD6)","1030147","4572","Heavenly Business - Advanced","299630598","155494","Mechanical and Electrical Engineering Components - Advanced","MECmpA","MECA","11","156016","Sheet of Curved Carbonum Plating","156017","Sheet of Curved Carbonum Plating","56","156016:156017"
"(VendingMachine:12DDBBD6)","1030147","4572","Heavenly Business - Advanced","299630598","155494","Mechanical and Electrical Engineering Components - Advanced","MECmpA","MECA","12","156016","Sheet of Curved Carbonum Plating","156017","Sheet of Curved Carbonum Plating","72","156016:156017"
"(VendingMachine:12DDBBD6)","1030147","4572","Heavenly Business - Advanced","299630598","155494","Mechanical and Electrical Engineering Components - Advanced","MECmpA","MECA","13","154912","Trimmer Casing","154938","Trimmer Casing","61","154912:154938"
"(VendingMachine:12DDBBD6)","1030147","4572","Heavenly Business - Advanced","299630598","155494","Mechanical and Electrical Engineering Components - Advanced","MECmpA","MECA","14","154912","Trimmer Casing","154938","Trimmer Casing","67","154912:154938"
"(VendingMachine:12DDBBD6)","1030147","4572","Heavenly Business - Advanced","299630598","155494","Mechanical and Electrical Engineering Components - Advanced","MECmpA","MECA","15","154912","Trimmer Casing","154938","Trimmer Casing","68","154912:154938"
"(VendingMachine:12DDBBD8)","1030147","4572","Heavenly Business - Advanced","299630600","155497","Armour and Clothing Components - Advanced","ACCmpA","ACCA","0","164951","Inactive OT Metamorphing Liquid Nanobots","164952","Inactive OT Metamorphing Liquid Nanobots","61","164951:164952"
"(VendingMachine:12DDBBD8)","1030147","4572","Heavenly Business - Advanced","299630600","155497","Armour and Clothing Components - Advanced","ACCmpA","ACCA","1","164951","Inactive OT Metamorphing Liquid Nanobots","164952","Inactive OT Metamorphing Liquid Nanobots","83","164951:164952"
"(VendingMachine:12DDBBD8)","1030147","4572","Heavenly Business - Advanced","299630600","155497","Armour and Clothing Components - Advanced","ACCmpA","ACCA","2","156016","Sheet of Curved Carbonum Plating","156017","Sheet of Curved Carbonum Plating","40","156016:156017"
"(VendingMachine:12DDBBD8)","1030147","4572","Heavenly Business - Advanced","299630600","155497","Armour and Clothing Components - Advanced","ACCmpA","ACCA","3","156016","Sheet of Curved Carbonum Plating","156017","Sheet of Curved Carbonum Plating","43","156016:156017"
"(VendingMachine:12DDBBD5)","1030147","4572","Heavenly Business - Advanced","299630597","155500","General Components - Advanced","GCmpA","GCmA","0","156054","Expendable Hologram Camera","156054","Expendable Hologram Camera","1","156054:156054"
"(VendingMachine:12DDBBD5)","1030147","4572","Heavenly Business - Advanced","299630597","155500","General Components - Advanced","GCmpA","GCmA","1","150918","Nano Circuitry Wire","150919","Nano Circuitry Wire","40","150918:150919"
"(VendingMachine:12DDBBD5)","1030147","4572","Heavenly Business - Advanced","299630597","155500","General Components - Advanced","GCmpA","GCmA","2","150918","Nano Circuitry Wire","150919","Nano Circuitry Wire","43","150918:150919"
"(VendingMachine:12DDBBD5)","1030147","4572","Heavenly Business - Advanced","299630597","155500","General Components - Advanced","GCmpA","GCmA","3","150918","Nano Circuitry Wire","150919","Nano Circuitry Wire","71","150918:150919"
"(VendingMachine:12DDBBD4)","1030147","4572","Heavenly Business - Advanced","299630596","155509","General Recipes - Advanced","GRecA","GReA","0","161833","A Guide to Creating Useful Medical Libraries","161833","A Guide to Creating Useful Medical Libraries","1","161833:161833"
"(VendingMachine:12DDBBD4)","1030147","4572","Heavenly Business - Advanced","299630596","155509","General Recipes - Advanced","GRecA","GReA","1","154447","An Introduction to the Business of Making Stimulant Injectors","154447","An Introduction to the Business of Making Stimulant Injectors","1","154447:154447"
"(VendingMachine:12DDBBD4)","1030147","4572","Heavenly Business - Advanced","299630596","155509","General Recipes - Advanced","GRecA","GReA","2","163447","Armor Creation with Mass Relocating Robots","163447","Armor Creation with Mass Relocating Robots","1","163447:163447"
"(VendingMachine:12DDBBD4)","1030147","4572","Heavenly Business - Advanced","299630596","155509","General Recipes - Advanced","GRecA","GReA","3","150450","Book: How To Create A Nano Crystal","150450","Book: How To Create A Nano Crystal","1","150450:150450"
"(VendingMachine:12DDBBD4)","1030147","4572","Heavenly Business - Advanced","299630596","155509","General Recipes - Advanced","GRecA","GReA","4","151661","Book: How To Make Jewellery","151661","Book: How To Make Jewellery","1","151661:151661"
"(VendingMachine:12DDBBD4)","1030147","4572","Heavenly Business - Advanced","299630596","155509","General Recipes - Advanced","GRecA","GReA","5","85807","Book: Implant Creation Instruction Manual","85807","Book: Implant Creation Instruction Manual","1","85807:85807"
"(VendingMachine:12DDBBD4)","1030147","4572","Heavenly Business - Advanced","299630596","155509","General Recipes - Advanced","GRecA","GReA","6","85809","Book: On Item Creations","85809","Book: On Item Creations","1","85809:85809"
"(VendingMachine:12DDBBD4)","1030147","4572","Heavenly Business - Advanced","299630596","155509","General Recipes - Advanced","GRecA","GReA","7","154941","Engineering News: How do I make my robot taunt?","154941","Engineering News: How do I make my robot taunt?","1","154941:154941"
"(VendingMachine:12DDBBD4)","1030147","4572","Heavenly Business - Advanced","299630596","155509","General Recipes - Advanced","GRecA","GReA","8","164612","Engineering News: The Improved Solar-Powered Pistol - Book 1","164612","Engineering News: The Improved Solar-Powered Pistol - Book 1","1","164612:164612"
"(VendingMachine:12DDBBD4)","1030147","4572","Heavenly Business - Advanced","299630596","155509","General Recipes - Advanced","GRecA","GReA","9","164614","Engineering News: The Improved Solar-Powered Pistol - Book 2","164614","Engineering News: The Improved Solar-Powered Pistol - Book 2","1","164614:164614"
"(VendingMachine:12DDBBD4)","1030147","4572","Heavenly Business - Advanced","299630596","155509","General Recipes - Advanced","GRecA","GReA","10","164621","Engineering News: The Improved Solar-Powered Pistol - Book 3","164621","Engineering News: The Improved Solar-Powered Pistol - Book 3","1","164621:164621"
"(VendingMachine:12DDBBD4)","1030147","4572","Heavenly Business - Advanced","299630596","155509","General Recipes - Advanced","GRecA","GReA","11","154450","How do I make Stims? A Quick Method","154450","How do I make Stims? A Quick Method","1","154450:154450"
"(VendingMachine:12DDBBD4)","1030147","4572","Heavenly Business - Advanced","299630596","155509","General Recipes - Advanced","GRecA","GReA","12","155931","MRR - Program List","155931","MRR - Program List","1","155931:155931"
"(VendingMachine:12DDBBD4)","1030147","4572","Heavenly Business - Advanced","299630596","155509","General Recipes - Advanced","GRecA","GReA","13","154507","Making Emergency Treatment Labs - A Quick Guide for Doctors","154507","Making Emergency Treatment Labs - A Quick Guide for Doctors","1","154507:154507"
"(VendingMachine:12DDBBD4)","1030147","4572","Heavenly Business - Advanced","299630596","155509","General Recipes - Advanced","GRecA","GReA","14","158586","The Art of Fletching","158586","The Art of Fletching","1","158586:158586"
"(VendingMachine:12DDBBD4)","1030147","4572","Heavenly Business - Advanced","299630596","155509","General Recipes - Advanced","GRecA","GReA","15","165124","The May Fly Throwing Grenade - by Zixxax","165124","The May Fly Throwing Grenade - by Zixxax","100","165124:165124"
"(VendingMachine:12DDBBD4)","1030147","4572","Heavenly Business - Advanced","299630596","155509","General Recipes - Advanced","GRecA","GReA","16","155926","The Multiple Uses of a Mass Relocating Robot","155926","The Multiple Uses of a Mass Relocating Robot","1","155926:155926"
"(VendingMachine:12DDBBD0)","1030147","4572","Heavenly Business - Advanced","299630592","155607","Advanced Devices","DevA","DevA","0","156765","Advanced Microphone","156765","Advanced Microphone","2","156765:156765"
"(VendingMachine:12DDBBD0)","1030147","4572","Heavenly Business - Advanced","299630592","155607","Advanced Devices","DevA","DevA","1","83920","Aggression Enhancer","83919","Aggression Multiplier","31","83920:83919"
"(VendingMachine:12DDBBD0)","1030147","4572","Heavenly Business - Advanced","299630592","155607","Advanced Devices","DevA","DevA","2","83920","Aggression Enhancer","83919","Aggression Multiplier","61","83920:83919"
"(VendingMachine:12DDBBD0)","1030147","4572","Heavenly Business - Advanced","299630592","155607","Advanced Devices","DevA","DevA","3","83920","Aggression Enhancer","83919","Aggression Multiplier","62","83920:83919"
"(VendingMachine:12DDBBD0)","1030147","4572","Heavenly Business - Advanced","299630592","155607","Advanced Devices","DevA","DevA","4","83920","Aggression Enhancer","83919","Aggression Multiplier","83","83920:83919"
"(VendingMachine:12DDBBD0)","1030147","4572","Heavenly Business - Advanced","299630592","155607","Advanced Devices","DevA","DevA","5","150306","Android NCU Upgrade","150307","Android NCU Upgrade","60","150306:150307"
"(VendingMachine:12DDBBD0)","1030147","4572","Heavenly Business - Advanced","299630592","155607","Advanced Devices","DevA","DevA","6","150306","Android NCU Upgrade","150307","Android NCU Upgrade","81","150306:150307"
"(VendingMachine:12DDBBD0)","1030147","4572","Heavenly Business - Advanced","299630592","155607","Advanced Devices","DevA","DevA","7","158045","Da Taunter!","158046","Da Taunter!","56","158045:158046"
"(VendingMachine:12DDBBD0)","1030147","4572","Heavenly Business - Advanced","299630592","155607","Advanced Devices","DevA","DevA","8","158033","Fire Deflection Shield","158021","Superior Fire Deflection Shield","42","158033:158021"
"(VendingMachine:12DDBBD0)","1030147","4572","Heavenly Business - Advanced","299630592","155607","Advanced Devices","DevA","DevA","9","85907","Flurry of Blows","85908","Flurry of Blows","76","85907:85908"
"(VendingMachine:12DDBBD0)","1030147","4572","Heavenly Business - Advanced","299630592","155607","Advanced Devices","DevA","DevA","10","87810","Hacker Tool","87814","Advanced Hacker Tool","40","87810:87814"
"(VendingMachine:12DDBBD0)","1030147","4572","Heavenly Business - Advanced","299630592","155607","Advanced Devices","DevA","DevA","11","87810","Hacker Tool","87814","Advanced Hacker Tool","43","87810:87814"
"(VendingMachine:12DDBBD0)","1030147","4572","Heavenly Business - Advanced","299630592","155607","Advanced Devices","DevA","DevA","12","87810","Hacker Tool","87814","Advanced Hacker Tool","54","87810:87814"
"(VendingMachine:12DDBBD0)","1030147","4572","Heavenly Business - Advanced","299630592","155607","Advanced Devices","DevA","DevA","13","87810","Hacker Tool","87814","Advanced Hacker Tool","72","87810:87814"
"(VendingMachine:12DDBBD0)","1030147","4572","Heavenly Business - Advanced","299630592","155607","Advanced Devices","DevA","DevA","14","159196","The Repressor","159197","The Repressor","52","159196:159197"
"(VendingMachine:12DDBBD0)","1030147","4572","Heavenly Business - Advanced","299630592","155607","Advanced Devices","DevA","DevA","15","88379","Trimmer - Divert Energy to Avoidance","88380","Trimmer - Divert Energy to Avoidance","57","88379:88380"
"(VendingMachine:12DDBBD0)","1030147","4572","Heavenly Business - Advanced","299630592","155607","Advanced Devices","DevA","DevA","16","88379","Trimmer - Divert Energy to Avoidance","88380","Trimmer - Divert Energy to Avoidance","59","88379:88380"
"(VendingMachine:12DDBBD0)","1030147","4572","Heavenly Business - Advanced","299630592","155607","Advanced Devices","DevA","DevA","17","87893","Trimmer - Divert Energy to Defense","87936","Trimmer - Divert Energy to Defense","45","87893:87936"
"(VendingMachine:12DDBBD0)","1030147","4572","Heavenly Business - Advanced","299630592","155607","Advanced Devices","DevA","DevA","18","87893","Trimmer - Divert Energy to Defense","87936","Trimmer - Divert Energy to Defense","64","87893:87936"
"(VendingMachine:12DDBBD0)","1030147","4572","Heavenly Business - Advanced","299630592","155607","Advanced Devices","DevA","DevA","19","88381","Trimmer - Divert Energy to Hitpoints","88382","Trimmer - Divert Energy to Hitpoints","42","88381:88382"
"(VendingMachine:12DDBBD0)","1030147","4572","Heavenly Business - Advanced","299630592","155607","Advanced Devices","DevA","DevA","20","88381","Trimmer - Divert Energy to Hitpoints","88382","Trimmer - Divert Energy to Hitpoints","73","88381:88382"
"(VendingMachine:12DDBBD0)","1030147","4572","Heavenly Business - Advanced","299630592","155607","Advanced Devices","DevA","DevA","21","88377","Trimmer - Divert Energy to Offense","88378","Trimmer - Divert Energy to Offense","54","88377:88378"
"(VendingMachine:12DDBBD0)","1030147","4572","Heavenly Business - Advanced","299630592","155607","Advanced Devices","DevA","DevA","22","88377","Trimmer - Divert Energy to Offense","88378","Trimmer - Divert Energy to Offense","81","88377:88378"
"(VendingMachine:12DDBBD0)","1030147","4572","Heavenly Business - Advanced","299630592","155607","Advanced Devices","DevA","DevA","23","88385","Trimmer - Negative Aggressive-Defensive","88386","Trimmer - Negative Aggressive-Defensive","40","88385:88386"
"(VendingMachine:12DDBBD0)","1030147","4572","Heavenly Business - Advanced","299630592","155607","Advanced Devices","DevA","DevA","24","88385","Trimmer - Negative Aggressive-Defensive","88386","Trimmer - Negative Aggressive-Defensive","71","88385:88386"
"(VendingMachine:12DDBBD0)","1030147","4572","Heavenly Business - Advanced","299630592","155607","Advanced Devices","DevA","DevA","25","88383","Trimmer - Positive Aggressive-Defensive","88384","Trimmer - Positive Aggressive-Defensive","43","88383:88384"
"(VendingMachine:12DDBBD0)","1030147","4572","Heavenly Business - Advanced","299630592","155607","Advanced Devices","DevA","DevA","26","88383","Trimmer - Positive Aggressive-Defensive","88384","Trimmer - Positive Aggressive-Defensive","64","88383:88384"
