"TemplateId","TerminalName","ProposedInventoryHash","TerminalIdentity","Slot","LowId","HighId","Quality","LowName","HighName"
"155610","Superior Devices","DevS","(VendingMachine:12E35A34)","0","156765","156765","2","Advanced Microphone","Advanced Microphone"
"155610","Superior Devices","DevS","(VendingMachine:12E35A34)","1","83920","83919","95","Aggression Enhancer","Aggression Multiplier"
"155610","Superior Devices","DevS","(VendingMachine:12E35A34)","2","83920","83919","143","Aggression Enhancer","Aggression Multiplier"
"155610","Superior Devices","DevS","(VendingMachine:12E35A34)","3","83920","83919","150","Aggression Enhancer","Aggression Multiplier"
"155610","Superior Devices","DevS","(VendingMachine:12E35A34)","4","83920","83919","166","Aggression Enhancer","Aggression Multiplier"
"155610","Superior Devices","DevS","(VendingMachine:12E35A34)","5","150306","150307","166","Android NCU Upgrade","Android NCU Upgrade"
"155610","Superior Devices","DevS","(VendingMachine:12E35A34)","6","150306","150307","192","Android NCU Upgrade","Android NCU Upgrade"
"155610","Superior Devices","DevS","(VendingMachine:12E35A34)","7","158019","158020","196","Chemical Deflection Shield","Superior Chemical Deflection Shield"
"155610","Superior Devices","DevS","(VendingMachine:12E35A34)","8","158037","158036","128","Cold Deflection Shield","Superior Cold Deflection Shield"
"155610","Superior Devices","DevS","(VendingMachine:12E35A34)","9","158037","158036","199","Cold Deflection Shield","Superior Cold Deflection Shield"
"155610","Superior Devices","DevS","(VendingMachine:12E35A34)","10","158038","158039","115","Energy Deflection Shield","Superior Energy Deflection Shield"
"155610","Superior Devices","DevS","(VendingMachine:12E35A34)","11","87810","87814","88","Hacker Tool","Advanced Hacker Tool"
"155610","Superior Devices","DevS","(VendingMachine:12E35A34)","12","87810","87814","110","Hacker Tool","Advanced Hacker Tool"
"155610","Superior Devices","DevS","(VendingMachine:12E35A34)","13","87810","87814","137","Hacker Tool","Advanced Hacker Tool"
"155610","Superior Devices","DevS","(VendingMachine:12E35A34)","14","87810","87814","152","Hacker Tool","Advanced Hacker Tool"
"155610","Superior Devices","DevS","(VendingMachine:12E35A34)","15","88379","88380","155","Trimmer - Divert Energy to Avoidance","Trimmer - Divert Energy to Avoidance"
"155610","Superior Devices","DevS","(VendingMachine:12E35A34)","16","88379","88380","197","Trimmer - Divert Energy to Avoidance","Trimmer - Divert Energy to Avoidance"
"155610","Superior Devices","DevS","(VendingMachine:12E35A34)","17","87893","87936","83","Trimmer - Divert Energy to Defense","Trimmer - Divert Energy to Defense"
"155610","Superior Devices","DevS","(VendingMachine:12E35A34)","18","87893","87936","112","Trimmer - Divert Energy to Defense","Trimmer - Divert Energy to Defense"
"155610","Superior Devices","DevS","(VendingMachine:12E35A34)","19","88381","88382","74","Trimmer - Divert Energy to Hitpoints","Trimmer - Divert Energy to Hitpoints"
"155610","Superior Devices","DevS","(VendingMachine:12E35A34)","20","88381","88382","168","Trimmer - Divert Energy to Hitpoints","Trimmer - Divert Energy to Hitpoints"
"155610","Superior Devices","DevS","(VendingMachine:12E35A34)","21","88377","88378","180","Trimmer - Divert Energy to Offense","Trimmer - Divert Energy to Offense"
"155610","Superior Devices","DevS","(VendingMachine:12E35A34)","22","88377","88378","186","Trimmer - Divert Energy to Offense","Trimmer - Divert Energy to Offense"
"155610","Superior Devices","DevS","(VendingMachine:12E35A34)","23","88385","88386","71","Trimmer - Negative Aggressive-Defensive","Trimmer - Negative Aggressive-Defensive"
"155610","Superior Devices","DevS","(VendingMachine:12E35A34)","24","88383","88384","76","Trimmer - Positive Aggressive-Defensive","Trimmer - Positive Aggressive-Defensive"
"155610","Superior Devices","DevS","(VendingMachine:12E35A34)","25","88383","88384","95","Trimmer - Positive Aggressive-Defensive","Trimmer - Positive Aggressive-Defensive"
"155286","General Tools and Bases - Superior","GTBS","(VendingMachine:12E35A35)","0","155589","155590","137","Advanced Mass Relocating Robot","HQ Mass Relocating Robot"
"155286","General Tools and Bases - Superior","GTBS","(VendingMachine:12E35A35)","1","156054","156054","1","Expendable Hologram Camera","Expendable Hologram Camera"
"155286","General Tools and Bases - Superior","GTBS","(VendingMachine:12E35A35)","2","164557","164558","128","Field Quantum Physics All-Purpose Tool","Field Quantum Physics All-Purpose Tool"
"155286","General Tools and Bases - Superior","GTBS","(VendingMachine:12E35A35)","3","164557","164558","199","Field Quantum Physics All-Purpose Tool","Field Quantum Physics All-Purpose Tool"
"155286","General Tools and Bases - Superior","GTBS","(VendingMachine:12E35A35)","4","156339","156339","1","ID-extractor","ID-extractor"
"155286","General Tools and Bases - Superior","GTBS","(VendingMachine:12E35A35)","5","149819","144783","143","Isotope Separator","Isotope Separator"
"155286","General Tools and Bases - Superior","GTBS","(VendingMachine:12E35A35)","6","149819","144783","150","Isotope Separator","Isotope Separator"
"155286","General Tools and Bases - Superior","GTBS","(VendingMachine:12E35A35)","7","150278","150279","80","Jensen Personal Ore Extractor","Jensen Personal Ore Extractor"
"155286","General Tools and Bases - Superior","GTBS","(VendingMachine:12E35A35)","8","150280","150275","156","Jensen Personal Ore Extractor","Jensen Personal Ore Extractor"
"155286","General Tools and Bases - Superior","GTBS","(VendingMachine:12E35A35)","9","155588","155589","88","Mass Relocating Robot","Advanced Mass Relocating Robot"
"155286","General Tools and Bases - Superior","GTBS","(VendingMachine:12E35A35)","10","149816","149815","89","Neutron Displacer","Neutron Displacer"
"155286","General Tools and Bases - Superior","GTBS","(VendingMachine:12E35A35)","11","149823","144786","135","Neutron Displacer","Neutron Displacer"
"155292","Tools for Electrical and Mechanical Engineering - Superior","EMTS","(VendingMachine:12E35A36)","0","151366","151366","10","Jensen Gem Cutter","Jensen Gem Cutter"
"155292","Tools for Electrical and Mechanical Engineering - Superior","EMTS","(VendingMachine:12E35A36)","1","150929","150929","10","Precious Metal Reclaimer","Precious Metal Reclaimer"
"155292","Tools for Electrical and Mechanical Engineering - Superior","EMTS","(VendingMachine:12E35A36)","2","150922","150922","10","Screwdriver","Screwdriver"
"155292","Tools for Electrical and Mechanical Engineering - Superior","EMTS","(VendingMachine:12E35A36)","3","150916","150917","88","Wire Drawing Machine","Wire Drawing Machine"
"155292","Tools for Electrical and Mechanical Engineering - Superior","EMTS","(VendingMachine:12E35A36)","4","150916","150917","137","Wire Drawing Machine","Wire Drawing Machine"
"155289","Pharmacy and Chemistry Tools and Bases - Superior","PCTS","(VendingMachine:12E35A37)","0","154329","154330","88","Antiseptic Jar","HQ Antiseptic Jar"
"155289","Pharmacy and Chemistry Tools and Bases - Superior","PCTS","(VendingMachine:12E35A37)","1","154329","154330","137","Antiseptic Jar","HQ Antiseptic Jar"
"155289","Pharmacy and Chemistry Tools and Bases - Superior","PCTS","(VendingMachine:12E35A37)","2","154331","154332","143","Basic Bio-Comminutor","Advanced Bio-Comminutor"
"155289","Pharmacy and Chemistry Tools and Bases - Superior","PCTS","(VendingMachine:12E35A37)","3","154331","154332","150","Basic Bio-Comminutor","Advanced Bio-Comminutor"
"155289","Pharmacy and Chemistry Tools and Bases - Superior","PCTS","(VendingMachine:12E35A37)","4","247234","247235","155","Empty Stim Unit","Empty Stim Unit"
"155289","Pharmacy and Chemistry Tools and Bases - Superior","PCTS","(VendingMachine:12E35A37)","5","247234","247235","197","Empty Stim Unit","Empty Stim Unit"
"155289","Pharmacy and Chemistry Tools and Bases - Superior","PCTS","(VendingMachine:12E35A37)","6","162294","162294","10","HSR - Sketch and Etch - Arms","HSR - Sketch and Etch - Arms"
"155289","Pharmacy and Chemistry Tools and Bases - Superior","PCTS","(VendingMachine:12E35A37)","7","162293","162293","10","HSR - Sketch and Etch - Boots","HSR - Sketch and Etch - Boots"
"155289","Pharmacy and Chemistry Tools and Bases - Superior","PCTS","(VendingMachine:12E35A37)","8","162290","162290","10","HSR - Sketch and Etch - Chestpiece","HSR - Sketch and Etch - Chestpiece"
"155289","Pharmacy and Chemistry Tools and Bases - Superior","PCTS","(VendingMachine:12E35A37)","9","162289","162289","10","HSR - Sketch and Etch - Gloves","HSR - Sketch and Etch - Gloves"
"155289","Pharmacy and Chemistry Tools and Bases - Superior","PCTS","(VendingMachine:12E35A37)","10","162292","162292","10","HSR - Sketch and Etch - Helmet","HSR - Sketch and Etch - Helmet"
"155289","Pharmacy and Chemistry Tools and Bases - Superior","PCTS","(VendingMachine:12E35A37)","11","162291","162291","10","HSR - Sketch and Etch - Legs","HSR - Sketch and Etch - Legs"
"155289","Pharmacy and Chemistry Tools and Bases - Superior","PCTS","(VendingMachine:12E35A37)","12","206733","206734","80","Semi-Finished First-Aid Kit","Semi-Finished First-Aid Kit"
"155289","Pharmacy and Chemistry Tools and Bases - Superior","PCTS","(VendingMachine:12E35A37)","13","206733","206734","156","Semi-Finished First-Aid Kit","Semi-Finished First-Aid Kit"
"155289","Pharmacy and Chemistry Tools and Bases - Superior","PCTS","(VendingMachine:12E35A37)","14","207504","207505","128","Semi-Finished Nano Kit","Semi-Finished Nano Kit"
"155289","Pharmacy and Chemistry Tools and Bases - Superior","PCTS","(VendingMachine:12E35A37)","15","207504","207505","199","Semi-Finished Nano Kit","Semi-Finished Nano Kit"
"155289","Pharmacy and Chemistry Tools and Bases - Superior","PCTS","(VendingMachine:12E35A37)","16","207501","207503","180","Semi-Finished Nano Recharger","Semi-Finished Nano Recharger"
"155289","Pharmacy and Chemistry Tools and Bases - Superior","PCTS","(VendingMachine:12E35A37)","17","207501","207503","186","Semi-Finished Nano Recharger","Semi-Finished Nano Recharger"
"155289","Pharmacy and Chemistry Tools and Bases - Superior","PCTS","(VendingMachine:12E35A37)","18","206737","206738","89","Semi-Finished Treatment Laboratory","Semi-Finished Treatment Laboratory"
"155289","Pharmacy and Chemistry Tools and Bases - Superior","PCTS","(VendingMachine:12E35A37)","19","206737","206738","135","Semi-Finished Treatment Laboratory","Semi-Finished Treatment Laboratory"
"155510","General Recipes - Superior","GReS","(VendingMachine:12E35A38)","0","161833","161833","1","A Guide to Creating Useful Medical Libraries","A Guide to Creating Useful Medical Libraries"
"155510","General Recipes - Superior","GReS","(VendingMachine:12E35A38)","1","154447","154447","1","An Introduction to the Business of Making Stimulant Injectors","An Introduction to the Business of Making Stimulant Injectors"
"155510","General Recipes - Superior","GReS","(VendingMachine:12E35A38)","2","163447","163447","1","Armor Creation with Mass Relocating Robots","Armor Creation with Mass Relocating Robots"
"155510","General Recipes - Superior","GReS","(VendingMachine:12E35A38)","3","150450","150450","1","Book: How To Create A Nano Crystal","Book: How To Create A Nano Crystal"
"155510","General Recipes - Superior","GReS","(VendingMachine:12E35A38)","4","151661","151661","1","Book: How To Make Jewellery","Book: How To Make Jewellery"
"155510","General Recipes - Superior","GReS","(VendingMachine:12E35A38)","5","85807","85807","1","Book: Implant Creation Instruction Manual","Book: Implant Creation Instruction Manual"
"155510","General Recipes - Superior","GReS","(VendingMachine:12E35A38)","6","85809","85809","1","Book: On Item Creations","Book: On Item Creations"
"155510","General Recipes - Superior","GReS","(VendingMachine:12E35A38)","7","154941","154941","1","Engineering News: How do I make my robot taunt?","Engineering News: How do I make my robot taunt?"
"155510","General Recipes - Superior","GReS","(VendingMachine:12E35A38)","8","164612","164612","1","Engineering News: The Improved Solar-Powered Pistol - Book 1","Engineering News: The Improved Solar-Powered Pistol - Book 1"
"155510","General Recipes - Superior","GReS","(VendingMachine:12E35A38)","9","164614","164614","1","Engineering News: The Improved Solar-Powered Pistol - Book 2","Engineering News: The Improved Solar-Powered Pistol - Book 2"
"155510","General Recipes - Superior","GReS","(VendingMachine:12E35A38)","10","164621","164621","1","Engineering News: The Improved Solar-Powered Pistol - Book 3","Engineering News: The Improved Solar-Powered Pistol - Book 3"
"155510","General Recipes - Superior","GReS","(VendingMachine:12E35A38)","11","154450","154450","1","How do I make Stims? A Quick Method","How do I make Stims? A Quick Method"
"155510","General Recipes - Superior","GReS","(VendingMachine:12E35A38)","12","155931","155931","1","MRR - Program List","MRR - Program List"
"155510","General Recipes - Superior","GReS","(VendingMachine:12E35A38)","13","154507","154507","1","Making Emergency Treatment Labs - A Quick Guide for Doctors","Making Emergency Treatment Labs - A Quick Guide for Doctors"
"155510","General Recipes - Superior","GReS","(VendingMachine:12E35A38)","14","158586","158586","1","The Art of Fletching","The Art of Fletching"
"155510","General Recipes - Superior","GReS","(VendingMachine:12E35A38)","15","165124","165124","100","The May Fly Throwing Grenade - by Zixxax","The May Fly Throwing Grenade - by Zixxax"
"155510","General Recipes - Superior","GReS","(VendingMachine:12E35A38)","16","155926","155926","1","The Multiple Uses of a Mass Relocating Robot","The Multiple Uses of a Mass Relocating Robot"
"155501","General Components - Superior","GCmS","(VendingMachine:12E35A39)","0","156054","156054","1","Expendable Hologram Camera","Expendable Hologram Camera"
"155501","General Components - Superior","GCmS","(VendingMachine:12E35A39)","1","150918","150919","88","Nano Circuitry Wire","Nano Circuitry Wire"
"155501","General Components - Superior","GCmS","(VendingMachine:12E35A39)","2","150918","150919","137","Nano Circuitry Wire","Nano Circuitry Wire"
"155501","General Components - Superior","GCmS","(VendingMachine:12E35A39)","3","150918","150919","167","Nano Circuitry Wire","Nano Circuitry Wire"
"155495","Mechanical and Electrical Engineering Components - Superior","MECS","(VendingMachine:12E35A3A)","0","156012","156013","107","Basic Flexible Shaft","Basic Flexible Shaft"
"155495","Mechanical and Electrical Engineering Components - Superior","MECS","(VendingMachine:12E35A3A)","1","156012","156013","143","Basic Flexible Shaft","Basic Flexible Shaft"
"155495","Mechanical and Electrical Engineering Components - Superior","MECS","(VendingMachine:12E35A3A)","2","156012","156013","150","Basic Flexible Shaft","Basic Flexible Shaft"
"155495","Mechanical and Electrical Engineering Components - Superior","MECS","(VendingMachine:12E35A3A)","3","156020","156021","89","Bio Analyzing Computer","Bio Analyzing Computer"
"155495","Mechanical and Electrical Engineering Components - Superior","MECS","(VendingMachine:12E35A3A)","4","156020","156021","135","Bio Analyzing Computer","Bio Analyzing Computer"
"155495","Mechanical and Electrical Engineering Components - Superior","MECS","(VendingMachine:12E35A3A)","5","156020","156021","152","Bio Analyzing Computer","Bio Analyzing Computer"
"155495","Mechanical and Electrical Engineering Components - Superior","MECS","(VendingMachine:12E35A3A)","6","151365","151365","10","Generic Ring Template","Generic Ring Template"
"155495","Mechanical and Electrical Engineering Components - Superior","MECS","(VendingMachine:12E35A3A)","7","156024","156025","100","MasterComm - Personalization Device","MasterComm - Personalization Device"
"155495","Mechanical and Electrical Engineering Components - Superior","MECS","(VendingMachine:12E35A3A)","8","156024","156025","128","MasterComm - Personalization Device","MasterComm - Personalization Device"
"155495","Mechanical and Electrical Engineering Components - Superior","MECS","(VendingMachine:12E35A3A)","9","156024","156025","199","MasterComm - Personalization Device","MasterComm - Personalization Device"
"155495","Mechanical and Electrical Engineering Components - Superior","MECS","(VendingMachine:12E35A3A)","10","150930","150930","10","Personal Furnace","Personal Furnace"
"155495","Mechanical and Electrical Engineering Components - Superior","MECS","(VendingMachine:12E35A3A)","11","156016","156017","80","Sheet of Curved Carbonum Plating","Sheet of Curved Carbonum Plating"
"155495","Mechanical and Electrical Engineering Components - Superior","MECS","(VendingMachine:12E35A3A)","12","156016","156017","130","Sheet of Curved Carbonum Plating","Sheet of Curved Carbonum Plating"
"155495","Mechanical and Electrical Engineering Components - Superior","MECS","(VendingMachine:12E35A3A)","13","156016","156017","156","Sheet of Curved Carbonum Plating","Sheet of Curved Carbonum Plating"
"155495","Mechanical and Electrical Engineering Components - Superior","MECS","(VendingMachine:12E35A3A)","14","154912","154938","88","Trimmer Casing","Trimmer Casing"
"155495","Mechanical and Electrical Engineering Components - Superior","MECS","(VendingMachine:12E35A3A)","15","154912","154938","137","Trimmer Casing","Trimmer Casing"
"155495","Mechanical and Electrical Engineering Components - Superior","MECS","(VendingMachine:12E35A3A)","16","154912","154938","167","Trimmer Casing","Trimmer Casing"
"155489","Pharmacy and Chemistry Components - Superior","PCCS","(VendingMachine:12E35A3B)","0","154329","154330","88","Antiseptic Jar","HQ Antiseptic Jar"
"155489","Pharmacy and Chemistry Components - Superior","PCCS","(VendingMachine:12E35A3B)","1","154329","154330","137","Antiseptic Jar","HQ Antiseptic Jar"
"155489","Pharmacy and Chemistry Components - Superior","PCCS","(VendingMachine:12E35A3B)","2","154329","154330","167","Antiseptic Jar","HQ Antiseptic Jar"
"155489","Pharmacy and Chemistry Components - Superior","PCCS","(VendingMachine:12E35A3B)","3","162247","162247","10","B.B.I. - Nano Enhanced B-12 Tanning Acid","B.B.I. - Nano Enhanced B-12 Tanning Acid"
"155489","Pharmacy and Chemistry Components - Superior","PCCS","(VendingMachine:12E35A3B)","4","156050","156051","83","Drum of Hydrochloric Acid","Drum of Hydrochloric Acid"
"155489","Pharmacy and Chemistry Components - Superior","PCCS","(VendingMachine:12E35A3B)","5","156050","156051","94","Drum of Hydrochloric Acid","Drum of Hydrochloric Acid"
"155489","Pharmacy and Chemistry Components - Superior","PCCS","(VendingMachine:12E35A3B)","6","156050","156051","112","Drum of Hydrochloric Acid","Drum of Hydrochloric Acid"
"155489","Pharmacy and Chemistry Components - Superior","PCCS","(VendingMachine:12E35A3B)","7","164951","164952","99","Inactive OT Metamorphing Liquid Nanobots","Inactive OT Metamorphing Liquid Nanobots"
"155489","Pharmacy and Chemistry Components - Superior","PCCS","(VendingMachine:12E35A3B)","8","164951","164952","146","Inactive OT Metamorphing Liquid Nanobots","Inactive OT Metamorphing Liquid Nanobots"
"155489","Pharmacy and Chemistry Components - Superior","PCCS","(VendingMachine:12E35A3B)","9","164951","164952","184","Inactive OT Metamorphing Liquid Nanobots","Inactive OT Metamorphing Liquid Nanobots"
"155489","Pharmacy and Chemistry Components - Superior","PCCS","(VendingMachine:12E35A3B)","10","154267","154268","80","Mimicking Cellular Oil","Mimicking Cellular Oil"
"155489","Pharmacy and Chemistry Components - Superior","PCCS","(VendingMachine:12E35A3B)","11","154267","154268","130","Mimicking Cellular Oil","Mimicking Cellular Oil"
"155489","Pharmacy and Chemistry Components - Superior","PCCS","(VendingMachine:12E35A3B)","12","154267","154268","156","Mimicking Cellular Oil","Mimicking Cellular Oil"
"155489","Pharmacy and Chemistry Components - Superior","PCCS","(VendingMachine:12E35A3B)","13","292219","292220","85","Pharmaceutical Nanobots","Pharmaceutical Nanobots"
"155489","Pharmacy and Chemistry Components - Superior","PCCS","(VendingMachine:12E35A3B)","14","292219","292220","166","Pharmaceutical Nanobots","Pharmaceutical Nanobots"
"155489","Pharmacy and Chemistry Components - Superior","PCCS","(VendingMachine:12E35A3B)","15","292219","292220","192","Pharmaceutical Nanobots","Pharmaceutical Nanobots"
"155489","Pharmacy and Chemistry Components - Superior","PCCS","(VendingMachine:12E35A3B)","16","165120","165121","154","Pseudo-Nano Multibenzonoxydant Sulphosalycilic Liquid","Pseudo-Nano Multibenzonoxydant Sulphosalycilic Liquid"
"155489","Pharmacy and Chemistry Components - Superior","PCCS","(VendingMachine:12E35A3B)","17","165120","165121","160","Pseudo-Nano Multibenzonoxydant Sulphosalycilic Liquid","Pseudo-Nano Multibenzonoxydant Sulphosalycilic Liquid"
"155489","Pharmacy and Chemistry Components - Superior","PCCS","(VendingMachine:12E35A3B)","18","165120","165121","178","Pseudo-Nano Multibenzonoxydant Sulphosalycilic Liquid","Pseudo-Nano Multibenzonoxydant Sulphosalycilic Liquid"
"155489","Pharmacy and Chemistry Components - Superior","PCCS","(VendingMachine:12E35A3B)","19","154265","154266","89","Receptive Bots","Receptive Bots"
"155489","Pharmacy and Chemistry Components - Superior","PCCS","(VendingMachine:12E35A3B)","20","154265","154266","135","Receptive Bots","Receptive Bots"
"155489","Pharmacy and Chemistry Components - Superior","PCCS","(VendingMachine:12E35A3B)","21","154265","154266","152","Receptive Bots","Receptive Bots"
"155489","Pharmacy and Chemistry Components - Superior","PCCS","(VendingMachine:12E35A3B)","22","154343","154344","100","Revitalizing Serum","Revitalizing Serum"
"155489","Pharmacy and Chemistry Components - Superior","PCCS","(VendingMachine:12E35A3B)","23","154343","154344","128","Revitalizing Serum","Revitalizing Serum"
"155489","Pharmacy and Chemistry Components - Superior","PCCS","(VendingMachine:12E35A3B)","24","154343","154344","199","Revitalizing Serum","Revitalizing Serum"
"155489","Pharmacy and Chemistry Components - Superior","PCCS","(VendingMachine:12E35A3B)","25","154666","154667","97","Shining Nano Knot of Muscular Increase","Shining Nano Knot of Muscular Increase"
"155489","Pharmacy and Chemistry Components - Superior","PCCS","(VendingMachine:12E35A3B)","26","154666","154667","155","Shining Nano Knot of Muscular Increase","Shining Nano Knot of Muscular Increase"
"155489","Pharmacy and Chemistry Components - Superior","PCCS","(VendingMachine:12E35A3B)","27","154666","154667","197","Shining Nano Knot of Muscular Increase","Shining Nano Knot of Muscular Increase"
"155489","Pharmacy and Chemistry Components - Superior","PCCS","(VendingMachine:12E35A3B)","28","154269","154270","107","Shining Nano Knot of Restoration","Shining Nano Knot of Restoration"
"155489","Pharmacy and Chemistry Components - Superior","PCCS","(VendingMachine:12E35A3B)","29","154269","154270","143","Shining Nano Knot of Restoration","Shining Nano Knot of Restoration"
"155489","Pharmacy and Chemistry Components - Superior","PCCS","(VendingMachine:12E35A3B)","30","154269","154270","150","Shining Nano Knot of Restoration","Shining Nano Knot of Restoration"
"155489","Pharmacy and Chemistry Components - Superior","PCCS","(VendingMachine:12E35A3B)","31","154339","154340","179","Treatment Laboratory Bot-Injector","Treatment Laboratory Bot-Injector"
"155489","Pharmacy and Chemistry Components - Superior","PCCS","(VendingMachine:12E35A3B)","32","154339","154340","180","Treatment Laboratory Bot-Injector","Treatment Laboratory Bot-Injector"
"155489","Pharmacy and Chemistry Components - Superior","PCCS","(VendingMachine:12E35A3B)","33","154339","154340","186","Treatment Laboratory Bot-Injector","Treatment Laboratory Bot-Injector"
"155489","Pharmacy and Chemistry Components - Superior","PCCS","(VendingMachine:12E35A3B)","34","154908","154909","74","XU-11 Serum","XU-11 Serum"
"155489","Pharmacy and Chemistry Components - Superior","PCCS","(VendingMachine:12E35A3B)","35","154908","154909","127","XU-11 Serum","XU-11 Serum"
"155489","Pharmacy and Chemistry Components - Superior","PCCS","(VendingMachine:12E35A3B)","36","154908","154909","168","XU-11 Serum","XU-11 Serum"
"223502","Jobe Armour and Clothing Components - Superior","JACS","(VendingMachine:12E35A3C)","0","164951","164952","143","Inactive OT Metamorphing Liquid Nanobots","Inactive OT Metamorphing Liquid Nanobots"
"223502","Jobe Armour and Clothing Components - Superior","JACS","(VendingMachine:12E35A3C)","1","164951","164952","150","Inactive OT Metamorphing Liquid Nanobots","Inactive OT Metamorphing Liquid Nanobots"
"223502","Jobe Armour and Clothing Components - Superior","JACS","(VendingMachine:12E35A3C)","2","156016","156017","88","Sheet of Curved Carbonum Plating","Sheet of Curved Carbonum Plating"
"223502","Jobe Armour and Clothing Components - Superior","JACS","(VendingMachine:12E35A3C)","3","156016","156017","137","Sheet of Curved Carbonum Plating","Sheet of Curved Carbonum Plating"
"223505","Jobe Nano Crystal Components - Superior","JNCS","(VendingMachine:12E35A3D)","0","149886","149885","88","Crystal Reflection Pattern - Combat","Crystal Reflection Pattern - Combat"
"223505","Jobe Nano Crystal Components - Superior","JNCS","(VendingMachine:12E35A3D)","1","149884","144771","132","Crystal Reflection Pattern - Combat","Crystal Reflection Pattern - Combat"
"223505","Jobe Nano Crystal Components - Superior","JNCS","(VendingMachine:12E35A3D)","2","149884","144771","137","Crystal Reflection Pattern - Combat","Crystal Reflection Pattern - Combat"
"223505","Jobe Nano Crystal Components - Superior","JNCS","(VendingMachine:12E35A3D)","3","149884","144771","159","Crystal Reflection Pattern - Combat","Crystal Reflection Pattern - Combat"
"223505","Jobe Nano Crystal Components - Superior","JNCS","(VendingMachine:12E35A3D)","4","149884","144771","167","Crystal Reflection Pattern - Combat","Crystal Reflection Pattern - Combat"
"223505","Jobe Nano Crystal Components - Superior","JNCS","(VendingMachine:12E35A3D)","5","149880","149879","107","Crystal Reflection Pattern - Medical","Crystal Reflection Pattern - Medical"
"223505","Jobe Nano Crystal Components - Superior","JNCS","(VendingMachine:12E35A3D)","6","149879","144777","143","Crystal Reflection Pattern - Medical","Crystal Reflection Pattern - Medical"
"223505","Jobe Nano Crystal Components - Superior","JNCS","(VendingMachine:12E35A3D)","7","149879","144777","146","Crystal Reflection Pattern - Medical","Crystal Reflection Pattern - Medical"
"223505","Jobe Nano Crystal Components - Superior","JNCS","(VendingMachine:12E35A3D)","8","149879","144777","150","Crystal Reflection Pattern - Medical","Crystal Reflection Pattern - Medical"
"223505","Jobe Nano Crystal Components - Superior","JNCS","(VendingMachine:12E35A3D)","9","149879","144777","157","Crystal Reflection Pattern - Medical","Crystal Reflection Pattern - Medical"
"223505","Jobe Nano Crystal Components - Superior","JNCS","(VendingMachine:12E35A3D)","10","149870","149870","100","Crystal Reflection Pattern - PSI","Crystal Reflection Pattern - PSI"
"223505","Jobe Nano Crystal Components - Superior","JNCS","(VendingMachine:12E35A3D)","11","149869","149869","125","Crystal Reflection Pattern - PSI","Crystal Reflection Pattern - PSI"
"223505","Jobe Nano Crystal Components - Superior","JNCS","(VendingMachine:12E35A3D)","12","149869","144773","128","Crystal Reflection Pattern - PSI","Crystal Reflection Pattern - PSI"
"223505","Jobe Nano Crystal Components - Superior","JNCS","(VendingMachine:12E35A3D)","13","149869","144773","153","Crystal Reflection Pattern - PSI","Crystal Reflection Pattern - PSI"
"223505","Jobe Nano Crystal Components - Superior","JNCS","(VendingMachine:12E35A3D)","14","149869","144773","199","Crystal Reflection Pattern - PSI","Crystal Reflection Pattern - PSI"
"223505","Jobe Nano Crystal Components - Superior","JNCS","(VendingMachine:12E35A3D)","15","149876","149875","80","Crystal Reflection Pattern - Protection","Crystal Reflection Pattern - Protection"
"223505","Jobe Nano Crystal Components - Superior","JNCS","(VendingMachine:12E35A3D)","16","149876","149875","97","Crystal Reflection Pattern - Protection","Crystal Reflection Pattern - Protection"
"223505","Jobe Nano Crystal Components - Superior","JNCS","(VendingMachine:12E35A3D)","17","149874","144775","130","Crystal Reflection Pattern - Protection","Crystal Reflection Pattern - Protection"
"223505","Jobe Nano Crystal Components - Superior","JNCS","(VendingMachine:12E35A3D)","18","149874","144775","156","Crystal Reflection Pattern - Protection","Crystal Reflection Pattern - Protection"
"223505","Jobe Nano Crystal Components - Superior","JNCS","(VendingMachine:12E35A3D)","19","149874","144775","194","Crystal Reflection Pattern - Protection","Crystal Reflection Pattern - Protection"
"223505","Jobe Nano Crystal Components - Superior","JNCS","(VendingMachine:12E35A3D)","20","149866","149865","89","Crystal Reflection Pattern - Space","Crystal Reflection Pattern - Space"
"223505","Jobe Nano Crystal Components - Superior","JNCS","(VendingMachine:12E35A3D)","21","149865","149864","109","Crystal Reflection Pattern - Space","Crystal Reflection Pattern - Space"
"223505","Jobe Nano Crystal Components - Superior","JNCS","(VendingMachine:12E35A3D)","22","149864","144780","135","Crystal Reflection Pattern - Space","Crystal Reflection Pattern - Space"
"223505","Jobe Nano Crystal Components - Superior","JNCS","(VendingMachine:12E35A3D)","23","149864","144780","140","Crystal Reflection Pattern - Space","Crystal Reflection Pattern - Space"
"223505","Jobe Nano Crystal Components - Superior","JNCS","(VendingMachine:12E35A3D)","24","149864","144780","152","Crystal Reflection Pattern - Space","Crystal Reflection Pattern - Space"
"223505","Jobe Nano Crystal Components - Superior","JNCS","(VendingMachine:12E35A3D)","25","156062","156063","85","Empty Instruction Disc","Empty Instruction Disc"
"223505","Jobe Nano Crystal Components - Superior","JNCS","(VendingMachine:12E35A3D)","26","156062","156063","106","Empty Instruction Disc","Empty Instruction Disc"
"223505","Jobe Nano Crystal Components - Superior","JNCS","(VendingMachine:12E35A3D)","27","156062","156063","138","Empty Instruction Disc","Empty Instruction Disc"
"223505","Jobe Nano Crystal Components - Superior","JNCS","(VendingMachine:12E35A3D)","28","156062","156063","166","Empty Instruction Disc","Empty Instruction Disc"
"223505","Jobe Nano Crystal Components - Superior","JNCS","(VendingMachine:12E35A3D)","29","156062","156063","192","Empty Instruction Disc","Empty Instruction Disc"
"223505","Jobe Nano Crystal Components - Superior","JNCS","(VendingMachine:12E35A3D)","30","149861","149860","95","Photon Particle Emitter","Photon Particle Emitter"
"223505","Jobe Nano Crystal Components - Superior","JNCS","(VendingMachine:12E35A3D)","31","149860","149859","104","Photon Particle Emitter","Photon Particle Emitter"
"223505","Jobe Nano Crystal Components - Superior","JNCS","(VendingMachine:12E35A3D)","32","149859","144812","179","Photon Particle Emitter","Photon Particle Emitter"
"223505","Jobe Nano Crystal Components - Superior","JNCS","(VendingMachine:12E35A3D)","33","149859","144812","180","Photon Particle Emitter","Photon Particle Emitter"
"223505","Jobe Nano Crystal Components - Superior","JNCS","(VendingMachine:12E35A3D)","34","149859","144812","186","Photon Particle Emitter","Photon Particle Emitter"
"223505","Jobe Nano Crystal Components - Superior","JNCS","(VendingMachine:12E35A3D)","35","149857","149856","74","Symbol Library - Combat","Symbol Library - Combat"
"223505","Jobe Nano Crystal Components - Superior","JNCS","(VendingMachine:12E35A3D)","36","149855","149854","107","Symbol Library - Combat","Symbol Library - Combat"
"223505","Jobe Nano Crystal Components - Superior","JNCS","(VendingMachine:12E35A3D)","37","149854","144798","127","Symbol Library - Combat","Symbol Library - Combat"
"223505","Jobe Nano Crystal Components - Superior","JNCS","(VendingMachine:12E35A3D)","38","149854","144798","168","Symbol Library - Combat","Symbol Library - Combat"
"223505","Jobe Nano Crystal Components - Superior","JNCS","(VendingMachine:12E35A3D)","39","149854","144798","178","Symbol Library - Combat","Symbol Library - Combat"
"223505","Jobe Nano Crystal Components - Superior","JNCS","(VendingMachine:12E35A3D)","40","149850","149849","101","Symbol Library - Medical","Symbol Library - Medical"
"223505","Jobe Nano Crystal Components - Superior","JNCS","(VendingMachine:12E35A3D)","41","149849","144795","154","Symbol Library - Medical","Symbol Library - Medical"
"223505","Jobe Nano Crystal Components - Superior","JNCS","(VendingMachine:12E35A3D)","42","149849","144795","160","Symbol Library - Medical","Symbol Library - Medical"
"223505","Jobe Nano Crystal Components - Superior","JNCS","(VendingMachine:12E35A3D)","43","149849","144795","177","Symbol Library - Medical","Symbol Library - Medical"
"223505","Jobe Nano Crystal Components - Superior","JNCS","(VendingMachine:12E35A3D)","44","149849","144795","178","Symbol Library - Medical","Symbol Library - Medical"
"223505","Jobe Nano Crystal Components - Superior","JNCS","(VendingMachine:12E35A3D)","45","149841","149840","80","Symbol Library - PSI","Symbol Library - PSI"
"223505","Jobe Nano Crystal Components - Superior","JNCS","(VendingMachine:12E35A3D)","46","149841","149840","83","Symbol Library - PSI","Symbol Library - PSI"
"223505","Jobe Nano Crystal Components - Superior","JNCS","(VendingMachine:12E35A3D)","47","149841","149840","94","Symbol Library - PSI","Symbol Library - PSI"
"223505","Jobe Nano Crystal Components - Superior","JNCS","(VendingMachine:12E35A3D)","48","149840","149839","112","Symbol Library - PSI","Symbol Library - PSI"
"223505","Jobe Nano Crystal Components - Superior","JNCS","(VendingMachine:12E35A3D)","49","149839","144791","196","Symbol Library - PSI","Symbol Library - PSI"
"223505","Jobe Nano Crystal Components - Superior","JNCS","(VendingMachine:12E35A3D)","50","149846","149845","97","Symbol Library - Protection","Symbol Library - Protection"
"223505","Jobe Nano Crystal Components - Superior","JNCS","(VendingMachine:12E35A3D)","51","149845","149844","103","Symbol Library - Protection","Symbol Library - Protection"
"223505","Jobe Nano Crystal Components - Superior","JNCS","(VendingMachine:12E35A3D)","52","149844","144793","155","Symbol Library - Protection","Symbol Library - Protection"
"223505","Jobe Nano Crystal Components - Superior","JNCS","(VendingMachine:12E35A3D)","53","149844","144793","196","Symbol Library - Protection","Symbol Library - Protection"
"223505","Jobe Nano Crystal Components - Superior","JNCS","(VendingMachine:12E35A3D)","54","149844","144793","197","Symbol Library - Protection","Symbol Library - Protection"
"223505","Jobe Nano Crystal Components - Superior","JNCS","(VendingMachine:12E35A3D)","55","149836","149835","99","Symbol Library - Space","Symbol Library - Space"
"223505","Jobe Nano Crystal Components - Superior","JNCS","(VendingMachine:12E35A3D)","56","149835","149834","115","Symbol Library - Space","Symbol Library - Space"
"223505","Jobe Nano Crystal Components - Superior","JNCS","(VendingMachine:12E35A3D)","57","149834","144790","146","Symbol Library - Space","Symbol Library - Space"
"223505","Jobe Nano Crystal Components - Superior","JNCS","(VendingMachine:12E35A3D)","58","149834","144790","151","Symbol Library - Space","Symbol Library - Space"
"223505","Jobe Nano Crystal Components - Superior","JNCS","(VendingMachine:12E35A3D)","59","149834","144790","184","Symbol Library - Space","Symbol Library - Space"
