CapturedUtc,Direction,Sequence,MessageType,SourceType,SourceInstance,SourceIdentity,SourceName,TargetType,TargetInstance,TargetIdentity,TargetName,FollowKind,CurrentX,CurrentY,CurrentZ,DestinationX,DestinationY,DestinationZ,Speed,Animation,Flags,PathCount,RawParams,RawTailHex
"2026-06-30T00:31:33.1390390Z","IN",88,"FollowTarget","SimpleChar","79225E7D","SimpleChar:79225E7D","Malfunctioning Cleaning Robot","","","","","NpcPath","3605.55493","51.7449989","773.164246","3602.2915","52.5","787.929504","","24","base_unknown=0;follow_type=1;follow_unknown=24","2","base_unknown=0;follow_type=1;follow_unknown=24;path_count=2;decoded_path_count=2",""
"2026-06-30T00:31:34.5930781Z","IN",96,"FollowTarget","SimpleChar","79225E7C","SimpleChar:79225E7C","Malfunctioning Cleaning Robot","","","","","NpcPath","3617.86938","51.7449989","784.657471","3622.77563","52.5","798.800964","","24","base_unknown=0;follow_type=1;follow_unknown=24","2","base_unknown=0;follow_type=1;follow_unknown=24;path_count=2;decoded_path_count=2",""
"2026-06-30T00:31:34.8493247Z","IN",102,"FollowTarget","SimpleChar","79225E77","SimpleChar:79225E77","Malfunctioning Cleaning Robot","","","","","NpcPath","3620.60229","51.7449989","799.248657","3602.23779","52.5","787.8172","","24","base_unknown=0;follow_type=1;follow_unknown=24","2","base_unknown=0;follow_type=1;follow_unknown=24;path_count=2;decoded_path_count=2",""
"2026-06-30T00:31:34.9567437Z","IN",103,"FollowTarget","SimpleChar","79225E7A","SimpleChar:79225E7A","Malfunctioning Cleaning Robot","","","","","NpcPath","3597.80811","51.7449989","773.061829","3596.97949","52.5","772.299316","","24","base_unknown=0;follow_type=1;follow_unknown=24","2","base_unknown=0;follow_type=1;follow_unknown=24;path_count=2;decoded_path_count=2",""
"2026-06-30T00:31:35.3673554Z","IN",104,"FollowTarget","SimpleChar","79225E78","SimpleChar:79225E78","Malfunctioning Cleaning Robot","","","","","NpcPath","3607.81494","52.1349983","782.811768","3610.72632","52.5","777.876892","","24","base_unknown=0;follow_type=1;follow_unknown=24","2","base_unknown=0;follow_type=1;follow_unknown=24;path_count=2;decoded_path_count=2",""
"2026-06-30T00:31:35.6859158Z","IN",105,"FollowTarget","SimpleChar","79225E7A","SimpleChar:79225E7A","Malfunctioning Cleaning Robot","","","","","NpcPath","3597.70483","51.7449989","772.966675","3597.29077","52.5","771.926575","","24","base_unknown=0;follow_type=1;follow_unknown=24","2","base_unknown=0;follow_type=1;follow_unknown=24;path_count=2;decoded_path_count=2",""
"2026-06-30T00:31:35.8262517Z","IN",117,"FollowTarget","SimpleChar","79225E7A","SimpleChar:79225E7A","Malfunctioning Cleaning Robot","","","","","NpcPath","3597.65381","51.7449989","772.838257","3597.24414","52.5","771.825806","","24","base_unknown=0;follow_type=1;follow_unknown=24","2","base_unknown=0;follow_type=1;follow_unknown=24;path_count=2;decoded_path_count=2",""
"2026-06-30T00:31:36.8863923Z","IN",121,"FollowTarget","SimpleChar","79225E79","SimpleChar:79225E79","Malfunctioning Cleaning Robot","","","","","NpcPath","3606.77197","53.2449989","801.493652","3597.17847","52.5","772.241089","","24","base_unknown=0;follow_type=1;follow_unknown=24","2","base_unknown=0;follow_type=1;follow_unknown=24;path_count=2;decoded_path_count=2",""
"2026-06-30T00:31:38.9563073Z","IN",137,"FollowTarget","SimpleChar","79225E78","SimpleChar:79225E78","Malfunctioning Cleaning Robot","","","","","NpcPath","3610.23096","52.1349983","778.717102","3610.80688","52.5","778.229614","","24","base_unknown=0;follow_type=1;follow_unknown=24","2","base_unknown=0;follow_type=1;follow_unknown=24;path_count=2;decoded_path_count=2",""
"2026-06-30T00:31:39.1863902Z","IN",138,"FollowTarget","SimpleChar","79225E78","SimpleChar:79225E78","Malfunctioning Cleaning Robot","","","","","NpcPath","3610.23096","52.1349983","778.717102","3610.70117","52.5","778.025513","","24","base_unknown=0;follow_type=1;follow_unknown=24","2","base_unknown=0;follow_type=1;follow_unknown=24;path_count=2;decoded_path_count=2",""
"2026-06-30T00:31:39.4155732Z","IN",139,"FollowTarget","SimpleChar","79225E78","SimpleChar:79225E78","Malfunctioning Cleaning Robot","","","","","NpcPath","3610.23096","52.1349983","778.717102","3610.88843","52.5","778.278503","","24","base_unknown=0;follow_type=1;follow_unknown=24","2","base_unknown=0;follow_type=1;follow_unknown=24;path_count=2;decoded_path_count=2",""
"2026-06-30T00:31:39.6465631Z","IN",140,"FollowTarget","SimpleChar","79225E78","SimpleChar:79225E78","Malfunctioning Cleaning Robot","","","","","NpcPath","3610.23096","52.1349983","778.717102","3610.75415","52.5","778.171997","","24","base_unknown=0;follow_type=1;follow_unknown=24","2","base_unknown=0;follow_type=1;follow_unknown=24;path_count=2;decoded_path_count=2",""
"2026-06-30T00:31:40.0565192Z","IN",144,"FollowTarget","SimpleChar","79225E78","SimpleChar:79225E78","Malfunctioning Cleaning Robot","","","","","NpcPath","3610.23096","52.1349983","778.717102","3610.78247","52.0382004","778.202942","","24","base_unknown=0;follow_type=1;follow_unknown=24","2","base_unknown=0;follow_type=1;follow_unknown=24;path_count=2;decoded_path_count=2",""
"2026-06-30T00:31:40.0565192Z","IN",145,"FollowTarget","SimpleChar","79225E78","SimpleChar:79225E78","Malfunctioning Cleaning Robot","","","","","NpcPath","3610.23096","52.1349983","778.717102","3610.78735","52.5","778.211548","","24","base_unknown=0;follow_type=1;follow_unknown=24","2","base_unknown=0;follow_type=1;follow_unknown=24;path_count=2;decoded_path_count=2",""
"2026-06-30T00:31:40.2860807Z","IN",146,"FollowTarget","SimpleChar","79225E78","SimpleChar:79225E78","Malfunctioning Cleaning Robot","","","","","NpcPath","3610.23096","52.1349983","778.717102","3611.03833","52.5","778.297546","","24","base_unknown=0;follow_type=1;follow_unknown=24","2","base_unknown=0;follow_type=1;follow_unknown=24;path_count=2;decoded_path_count=2",""
"2026-06-30T00:31:40.5261354Z","IN",148,"FollowTarget","SimpleChar","79225E78","SimpleChar:79225E78","Malfunctioning Cleaning Robot","","","","","NpcPath","3610.23096","52.1349983","778.717102","3610.81299","52.5","778.234619","","24","base_unknown=0;follow_type=1;follow_unknown=24","2","base_unknown=0;follow_type=1;follow_unknown=24;path_count=2;decoded_path_count=2",""
"2026-06-30T00:31:40.7463016Z","IN",150,"FollowTarget","SimpleChar","79225E78","SimpleChar:79225E78","Malfunctioning Cleaning Robot","","","","","NpcPath","3610.23096","52.1349983","778.717102","3610.79248","52.5","778.216736","","24","base_unknown=0;follow_type=1;follow_unknown=24","2","base_unknown=0;follow_type=1;follow_unknown=24;path_count=2;decoded_path_count=2",""
"2026-06-30T00:31:40.9768098Z","IN",155,"FollowTarget","SimpleChar","79225E78","SimpleChar:79225E78","Malfunctioning Cleaning Robot","","","","","NpcPath","3610.23096","52.1349983","778.717102","3610.7439","52.5","777.843567","","24","base_unknown=0;follow_type=1;follow_unknown=24","2","base_unknown=0;follow_type=1;follow_unknown=24;path_count=2;decoded_path_count=2",""
"2026-06-30T00:31:41.2068637Z","IN",156,"FollowTarget","SimpleChar","79225E78","SimpleChar:79225E78","Malfunctioning Cleaning Robot","","","","","NpcPath","3610.23804","52.1349983","778.704956","3610.70703","52.5","777.935913","","24","base_unknown=0;follow_type=1;follow_unknown=24","2","base_unknown=0;follow_type=1;follow_unknown=24;path_count=2;decoded_path_count=2",""
"2026-06-30T00:31:41.4361954Z","IN",157,"FollowTarget","SimpleChar","79225E78","SimpleChar:79225E78","Malfunctioning Cleaning Robot","","","","","NpcPath","3610.23804","52.1349983","778.704956","3610.88428","52.5","778.276733","","24","base_unknown=0;follow_type=1;follow_unknown=24","2","base_unknown=0;follow_type=1;follow_unknown=24;path_count=2;decoded_path_count=2",""
"2026-06-30T00:31:41.6563456Z","IN",158,"FollowTarget","SimpleChar","79225E76","SimpleChar:79225E76","Malfunctioning Cleaning Robot","","","","","NpcPath","3595.23218","51.7449989","799.648132","3594.29102","52.5","800.072754","","24","base_unknown=0;follow_type=1;follow_unknown=24","2","base_unknown=0;follow_type=1;follow_unknown=24;path_count=2;decoded_path_count=2",""
"2026-06-30T00:31:41.6563456Z","IN",159,"FollowTarget","SimpleChar","79225E78","SimpleChar:79225E78","Malfunctioning Cleaning Robot","","","","","NpcPath","3610.23804","52.1349983","778.704956","3610.70215","52.5","777.963196","","24","base_unknown=0;follow_type=1;follow_unknown=24","2","base_unknown=0;follow_type=1;follow_unknown=24;path_count=2;decoded_path_count=2",""
"2026-06-30T00:31:42.1167883Z","IN",164,"FollowTarget","SimpleChar","79225E76","SimpleChar:79225E76","Malfunctioning Cleaning Robot","","","","","NpcPath","3595.19727","51.7449989","799.66394","3594.29028","52.5","799.924622","","24","base_unknown=0;follow_type=1;follow_unknown=24","2","base_unknown=0;follow_type=1;follow_unknown=24;path_count=2;decoded_path_count=2",""
"2026-06-30T00:31:42.1167883Z","IN",165,"FollowTarget","SimpleChar","79225E78","SimpleChar:79225E78","Malfunctioning Cleaning Robot","","","","","NpcPath","3610.23804","52.1349983","778.704956","3610.74976","52.5","777.834351","","24","base_unknown=0;follow_type=1;follow_unknown=24","2","base_unknown=0;follow_type=1;follow_unknown=24;path_count=2;decoded_path_count=2",""
"2026-06-30T00:31:42.1167883Z","IN",169,"FollowTarget","SimpleChar","79225E76","SimpleChar:79225E76","Malfunctioning Cleaning Robot","","","","","NpcPath","3595.19727","51.7449989","799.66394","3594.2522","52.5","799.837524","","24","base_unknown=0;follow_type=1;follow_unknown=24","2","base_unknown=0;follow_type=1;follow_unknown=24;path_count=2;decoded_path_count=2",""
"2026-06-30T00:31:42.1167883Z","IN",170,"FollowTarget","SimpleChar","79225E78","SimpleChar:79225E78","Malfunctioning Cleaning Robot","","","","","NpcPath","3610.24512","52.1349983","778.692566","3610.82861","52.5","778.246277","","24","base_unknown=0;follow_type=1;follow_unknown=24","2","base_unknown=0;follow_type=1;follow_unknown=24;path_count=2;decoded_path_count=2",""
"2026-06-30T00:31:42.4959907Z","IN",172,"FollowTarget","SimpleChar","79225E76","SimpleChar:79225E76","Malfunctioning Cleaning Robot","","","","","NpcPath","3595.19727","51.7449989","799.66394","3594.29272","52.5","800.065674","","24","base_unknown=0;follow_type=1;follow_unknown=24","2","base_unknown=0;follow_type=1;follow_unknown=24;path_count=2;decoded_path_count=2",""
"2026-06-30T00:31:42.4959907Z","IN",173,"FollowTarget","SimpleChar","79225E78","SimpleChar:79225E78","Malfunctioning Cleaning Robot","","","","","NpcPath","3610.24512","52.1349983","778.692566","3610.74658","52.5","778.160706","","24","base_unknown=0;follow_type=1;follow_unknown=24","2","base_unknown=0;follow_type=1;follow_unknown=24;path_count=2;decoded_path_count=2",""
"2026-06-30T00:31:42.8074634Z","IN",175,"FollowTarget","SimpleChar","79225E76","SimpleChar:79225E76","Malfunctioning Cleaning Robot","","","","","NpcPath","3595.19727","51.7449989","799.66394","3594.04858","52.5","799.703979","","24","base_unknown=0;follow_type=1;follow_unknown=24","2","base_unknown=0;follow_type=1;follow_unknown=24;path_count=2;decoded_path_count=2",""
"2026-06-30T00:31:42.8074634Z","IN",176,"FollowTarget","SimpleChar","79225E78","SimpleChar:79225E78","Malfunctioning Cleaning Robot","","","","","NpcPath","3610.24512","52.1349983","778.692566","3610.7583","52.5","778.177795","","24","base_unknown=0;follow_type=1;follow_unknown=24","2","base_unknown=0;follow_type=1;follow_unknown=24;path_count=2;decoded_path_count=2",""
"2026-06-30T00:31:42.8074634Z","IN",177,"FollowTarget","SimpleChar","79225E78","SimpleChar:79225E78","Malfunctioning Cleaning Robot","","","","","NpcPath","3610.24512","52.1349983","778.692566","3610.78076","52.039196","778.20105","","24","base_unknown=0;follow_type=1;follow_unknown=24","2","base_unknown=0;follow_type=1;follow_unknown=24;path_count=2;decoded_path_count=2",""
"2026-06-30T00:31:43.2581497Z","IN",186,"FollowTarget","SimpleChar","79225E76","SimpleChar:79225E76","Malfunctioning Cleaning Robot","","","","","NpcPath","3595.03955","51.7449989","799.669495","3594.21899","52.5","800.204956","","24","base_unknown=0;follow_type=1;follow_unknown=24","2","base_unknown=0;follow_type=1;follow_unknown=24;path_count=2;decoded_path_count=2",""
"2026-06-30T00:31:43.2581497Z","IN",187,"FollowTarget","SimpleChar","79225E78","SimpleChar:79225E78","Malfunctioning Cleaning Robot","","","","","NpcPath","3610.24512","52.1349983","778.692566","3611.198","52.5","778.225281","","24","base_unknown=0;follow_type=1;follow_unknown=24","2","base_unknown=0;follow_type=1;follow_unknown=24;path_count=2;decoded_path_count=2",""
"2026-06-30T00:31:43.2581497Z","IN",188,"FollowTarget","SimpleChar","79225E7D","SimpleChar:79225E7D","Malfunctioning Cleaning Robot","","","","","NpcPath","3602.50757","52.1349983","786.954102","3602.28247","52.5","788.101379","","24","base_unknown=0;follow_type=1;follow_unknown=24","2","base_unknown=0;follow_type=1;follow_unknown=24;path_count=2;decoded_path_count=2",""
"2026-06-30T00:31:43.2581497Z","IN",189,"FollowTarget","SimpleChar","79225E76","SimpleChar:79225E76","Malfunctioning Cleaning Robot","","","","","NpcPath","3595.03955","51.7449989","799.669495","3594.15967","52.5","800.253967","","24","base_unknown=0;follow_type=1;follow_unknown=24","2","base_unknown=0;follow_type=1;follow_unknown=24;path_count=2;decoded_path_count=2",""
"2026-06-30T00:31:43.4869656Z","IN",192,"FollowTarget","SimpleChar","79225E76","SimpleChar:79225E76","Malfunctioning Cleaning Robot","","","","","NpcPath","3594.99048","51.7449989","799.702026","3594.16626","52.5","800.249634","","24","base_unknown=0;follow_type=1;follow_unknown=24","2","base_unknown=0;follow_type=1;follow_unknown=24;path_count=2;decoded_path_count=2",""
"2026-06-30T00:31:43.9173980Z","IN",195,"FollowTarget","SimpleChar","79225E76","SimpleChar:79225E76","Malfunctioning Cleaning Robot","","","","","NpcPath","3594.99048","51.7449989","799.702026","3594.15625","52.5","800.256165","","24","base_unknown=0;follow_type=1;follow_unknown=24","2","base_unknown=0;follow_type=1;follow_unknown=24;path_count=2;decoded_path_count=2",""
"2026-06-30T00:31:43.9173980Z","IN",196,"FollowTarget","SimpleChar","79225E76","SimpleChar:79225E76","Malfunctioning Cleaning Robot","","","","","NpcPath","3594.98608","51.7449989","799.704895","3594.24854","52.5","800.167969","","24","base_unknown=0;follow_type=1;follow_unknown=24","2","base_unknown=0;follow_type=1;follow_unknown=24;path_count=2;decoded_path_count=2",""
"2026-06-30T00:31:44.1571250Z","IN",202,"FollowTarget","SimpleChar","79225E76","SimpleChar:79225E76","Malfunctioning Cleaning Robot","","","","","NpcPath","3594.98608","51.7449989","799.704895","3594.2063","52.5","799.782104","","24","base_unknown=0;follow_type=1;follow_unknown=24","2","base_unknown=0;follow_type=1;follow_unknown=24;path_count=2;decoded_path_count=2",""
"2026-06-30T00:31:44.3776536Z","IN",203,"FollowTarget","SimpleChar","79225E7C","SimpleChar:79225E7C","Malfunctioning Cleaning Robot","","","","","NpcPath","3622.44849","51.7449989","797.858032","3622.71069","52.5","798.920593","","24","base_unknown=0;follow_type=1;follow_unknown=24","2","base_unknown=0;follow_type=1;follow_unknown=24;path_count=2;decoded_path_count=2",""
"2026-06-30T00:31:44.3776536Z","IN",204,"FollowTarget","SimpleChar","79225E76","SimpleChar:79225E76","Malfunctioning Cleaning Robot","","","","","NpcPath","3594.98608","51.7449989","799.704895","3594.19824","52.5","800.225159","","24","base_unknown=0;follow_type=1;follow_unknown=24","2","base_unknown=0;follow_type=1;follow_unknown=24;path_count=2;decoded_path_count=2",""
"2026-06-30T00:31:44.5978707Z","IN",206,"FollowTarget","SimpleChar","79225E76","SimpleChar:79225E76","Malfunctioning Cleaning Robot","","","","","NpcPath","3594.98608","51.7449989","799.704895","3594.1853","52.5","800.235962","","24","base_unknown=0;follow_type=1;follow_unknown=24","2","base_unknown=0;follow_type=1;follow_unknown=24;path_count=2;decoded_path_count=2",""
"2026-06-30T00:31:44.8176737Z","IN",207,"FollowTarget","SimpleChar","79225E7C","SimpleChar:79225E7C","Malfunctioning Cleaning Robot","","","","","NpcPath","3622.47729","51.7449989","797.974426","3622.83569","52.5","798.748901","","24","base_unknown=0;follow_type=1;follow_unknown=24","2","base_unknown=0;follow_type=1;follow_unknown=24;path_count=2;decoded_path_count=2",""
"2026-06-30T00:31:44.8176737Z","IN",208,"FollowTarget","SimpleChar","79225E76","SimpleChar:79225E76","Malfunctioning Cleaning Robot","","","","","NpcPath","3594.98608","51.7449989","799.704895","3594.16821","52.5","799.751526","","24","base_unknown=0;follow_type=1;follow_unknown=24","2","base_unknown=0;follow_type=1;follow_unknown=24;path_count=2;decoded_path_count=2",""
"2026-06-30T00:31:44.9269230Z","IN",214,"FollowTarget","SimpleChar","79225E7C","SimpleChar:79225E7C","Malfunctioning Cleaning Robot","","","","","NpcPath","3622.47729","51.7449989","797.974426","3622.78564","52.5","798.7901","","24","base_unknown=0;follow_type=1;follow_unknown=24","2","base_unknown=0;follow_type=1;follow_unknown=24;path_count=2;decoded_path_count=2",""
"2026-06-30T00:31:45.0380180Z","IN",220,"FollowTarget","SimpleChar","79225E76","SimpleChar:79225E76","Malfunctioning Cleaning Robot","","","","","NpcPath","3594.98608","51.7449989","799.704895","3594.24805","52.5","800.168579","","24","base_unknown=0;follow_type=1;follow_unknown=24","2","base_unknown=0;follow_type=1;follow_unknown=24;path_count=2;decoded_path_count=2",""
"2026-06-30T00:31:45.1477303Z","IN",221,"FollowTarget","SimpleChar","79225E7C","SimpleChar:79225E7C","Malfunctioning Cleaning Robot","","","","","NpcPath","3622.47729","51.7449989","797.974426","3622.87085","52.5","798.729187","","24","base_unknown=0;follow_type=1;follow_unknown=24","2","base_unknown=0;follow_type=1;follow_unknown=24;path_count=2;decoded_path_count=2",""
"2026-06-30T00:31:45.2676168Z","IN",222,"FollowTarget","SimpleChar","79225E76","SimpleChar:79225E76","Malfunctioning Cleaning Robot","","","","","NpcPath","3594.98608","51.7449989","799.704895","3594.15796","52.5","799.744995","","24","base_unknown=0;follow_type=1;follow_unknown=24","2","base_unknown=0;follow_type=1;follow_unknown=24;path_count=2;decoded_path_count=2",""
"2026-06-30T00:31:45.2676168Z","IN",223,"FollowTarget","SimpleChar","79225E7A","SimpleChar:79225E7A","Malfunctioning Cleaning Robot","","","","","NpcPath","3597.60864","51.7449989","772.727539","3622.72778","52.5","798.873779","","24","base_unknown=0;follow_type=1;follow_unknown=24","2","base_unknown=0;follow_type=1;follow_unknown=24;path_count=2;decoded_path_count=2",""
"2026-06-30T00:31:45.3676154Z","IN",224,"FollowTarget","SimpleChar","79225E7C","SimpleChar:79225E7C","Malfunctioning Cleaning Robot","","","","","NpcPath","3622.47729","51.7449989","797.974426","3622.7019","52.5","799.033569","","24","base_unknown=0;follow_type=1;follow_unknown=24","2","base_unknown=0;follow_type=1;follow_unknown=24;path_count=2;decoded_path_count=2",""
"2026-06-30T00:31:45.4871428Z","IN",225,"FollowTarget","SimpleChar","79225E76","SimpleChar:79225E76","Malfunctioning Cleaning Robot","","","","","NpcPath","3594.98608","51.7449989","799.704895","3594.20581","52.5","800.218323","","24","base_unknown=0;follow_type=1;follow_unknown=24","2","base_unknown=0;follow_type=1;follow_unknown=24;path_count=2;decoded_path_count=2",""
"2026-06-30T00:31:45.7175299Z","IN",227,"FollowTarget","SimpleChar","79225E76","SimpleChar:79225E76","Malfunctioning Cleaning Robot","","","","","NpcPath","3594.98608","51.7449989","799.704895","3594.10962","52.5","800.279236","","24","base_unknown=0;follow_type=1;follow_unknown=24","2","base_unknown=0;follow_type=1;follow_unknown=24;path_count=2;decoded_path_count=2",""
"2026-06-30T00:31:45.8171180Z","IN",230,"FollowTarget","SimpleChar","79225E7C","SimpleChar:79225E7C","Malfunctioning Cleaning Robot","","","","","NpcPath","3622.49585","51.7449989","798.063049","3623.21802","52.5","798.793823","","24","base_unknown=0;follow_type=1;follow_unknown=24","2","base_unknown=0;follow_type=1;follow_unknown=24;path_count=2;decoded_path_count=2",""
"2026-06-30T00:31:46.0467125Z","IN",236,"FollowTarget","SimpleChar","79225E7C","SimpleChar:79225E7C","Malfunctioning Cleaning Robot","","","","","NpcPath","3622.52173","51.7449989","798.089355","3622.70508","52.5","799.05542","","24","base_unknown=0;follow_type=1;follow_unknown=24","2","base_unknown=0;follow_type=1;follow_unknown=24;path_count=2;decoded_path_count=2",""
"2026-06-30T00:31:46.2769455Z","IN",237,"FollowTarget","SimpleChar","79225E7C","SimpleChar:79225E7C","Malfunctioning Cleaning Robot","","","","","NpcPath","3622.52173","51.7449989","798.089355","3622.86475","52.5","798.732239","","24","base_unknown=0;follow_type=1;follow_unknown=24","2","base_unknown=0;follow_type=1;follow_unknown=24;path_count=2;decoded_path_count=2",""
"2026-06-30T00:31:46.7171189Z","IN",239,"FollowTarget","SimpleChar","79225E7C","SimpleChar:79225E7C","Malfunctioning Cleaning Robot","","","","","NpcPath","3622.52173","51.7449989","798.089355","3623.21558","52.5","798.791504","","24","base_unknown=0;follow_type=1;follow_unknown=24","2","base_unknown=0;follow_type=1;follow_unknown=24;path_count=2;decoded_path_count=2",""
"2026-06-30T00:31:46.7171189Z","IN",240,"FollowTarget","SimpleChar","79225E7C","SimpleChar:79225E7C","Malfunctioning Cleaning Robot","","","","","NpcPath","3622.52173","51.7449989","798.089355","3623.0144","52.5","798.700317","","24","base_unknown=0;follow_type=1;follow_unknown=24","2","base_unknown=0;follow_type=1;follow_unknown=24;path_count=2;decoded_path_count=2",""
"2026-06-30T00:31:46.9374402Z","IN",242,"FollowTarget","SimpleChar","79225E7C","SimpleChar:79225E7C","Malfunctioning Cleaning Robot","","","","","NpcPath","3622.52173","51.7449989","798.089355","3622.79956","52.5","798.776794","","24","base_unknown=0;follow_type=1;follow_unknown=24","2","base_unknown=0;follow_type=1;follow_unknown=24;path_count=2;decoded_path_count=2",""
"2026-06-30T00:31:47.1671615Z","IN",248,"FollowTarget","SimpleChar","79225E7C","SimpleChar:79225E7C","Malfunctioning Cleaning Robot","","","","","NpcPath","3622.52173","51.7449989","798.089355","3622.7019","52.5","798.966309","","24","base_unknown=0;follow_type=1;follow_unknown=24","2","base_unknown=0;follow_type=1;follow_unknown=24;path_count=2;decoded_path_count=2",""
"2026-06-30T00:31:47.5070228Z","IN",251,"FollowTarget","SimpleChar","79225E7C","SimpleChar:79225E7C","Malfunctioning Cleaning Robot","","","","","NpcPath","3622.52173","51.7449989","798.089355","3622.73584","52.5","798.85791","","24","base_unknown=0;follow_type=1;follow_unknown=24","2","base_unknown=0;follow_type=1;follow_unknown=24;path_count=2;decoded_path_count=2",""
"2026-06-30T00:31:47.7274579Z","IN",254,"FollowTarget","SimpleChar","79225E7C","SimpleChar:79225E7C","Malfunctioning Cleaning Robot","","","","","NpcPath","3622.52173","51.7449989","798.089355","3622.72607","52.5","799.122192","","24","base_unknown=0;follow_type=1;follow_unknown=24","2","base_unknown=0;follow_type=1;follow_unknown=24;path_count=2;decoded_path_count=2",""
"2026-06-30T00:31:47.7274579Z","IN",255,"FollowTarget","SimpleChar","79225E7D","SimpleChar:79225E7D","Malfunctioning Cleaning Robot","","","","","NpcPath","3602.46875","52.1349983","787.150024","3622.78833","52.5","798.787415","","24","base_unknown=0;follow_type=1;follow_unknown=24","2","base_unknown=0;follow_type=1;follow_unknown=24;path_count=2;decoded_path_count=2",""
"2026-06-30T00:31:47.9501971Z","IN",262,"FollowTarget","SimpleChar","79225E78","SimpleChar:79225E78","Malfunctioning Cleaning Robot","","","","","NpcPath","3608.02954","53.2449989","801.701477","3621.00122","52.5","784.299988","","24","base_unknown=0;follow_type=1;follow_unknown=24","2","base_unknown=0;follow_type=1;follow_unknown=24;path_count=2;decoded_path_count=2",""
"2026-06-30T00:31:49.1662909Z","IN",273,"FollowTarget","SimpleChar","79225E77","SimpleChar:79225E77","Malfunctioning Cleaning Robot","","","","","NpcPath","3603.07056","52.1349983","788.335449","3602.29663","52.5","787.955811","","24","base_unknown=0;follow_type=1;follow_unknown=24","2","base_unknown=0;follow_type=1;follow_unknown=24;path_count=2;decoded_path_count=2",""
"2026-06-30T00:31:49.3963092Z","IN",275,"FollowTarget","SimpleChar","79225E77","SimpleChar:79225E77","Malfunctioning Cleaning Robot","","","","","NpcPath","3603.07056","52.1349983","788.335449","3602.1543","52.5","787.742798","","24","base_unknown=0;follow_type=1;follow_unknown=24","2","base_unknown=0;follow_type=1;follow_unknown=24;path_count=2;decoded_path_count=2",""
"2026-06-30T00:31:49.8399153Z","IN",278,"FollowTarget","SimpleChar","79225E77","SimpleChar:79225E77","Malfunctioning Cleaning Robot","","","","","NpcPath","3602.98193","52.1349983","788.277832","3602.24243","52.5","788.176758","","24","base_unknown=0;follow_type=1;follow_unknown=24","2","base_unknown=0;follow_type=1;follow_unknown=24;path_count=2;decoded_path_count=2",""
"2026-06-30T00:31:50.2805387Z","IN",282,"FollowTarget","SimpleChar","79225E77","SimpleChar:79225E77","Malfunctioning Cleaning Robot","","","","","NpcPath","3602.98193","52.1349983","788.277832","3602.10815","52.5","788.279785","","24","base_unknown=0;follow_type=1;follow_unknown=24","2","base_unknown=0;follow_type=1;follow_unknown=24;path_count=2;decoded_path_count=2",""
"2026-06-30T00:31:50.2805387Z","IN",284,"FollowTarget","SimpleChar","79225E77","SimpleChar:79225E77","Malfunctioning Cleaning Robot","","","","","NpcPath","3602.98193","52.1349983","788.277832","3602.22998","52.5","788.192688","","24","base_unknown=0;follow_type=1;follow_unknown=24","2","base_unknown=0;follow_type=1;follow_unknown=24;path_count=2;decoded_path_count=2",""
"2026-06-30T00:31:50.7206484Z","IN",287,"FollowTarget","SimpleChar","79225E77","SimpleChar:79225E77","Malfunctioning Cleaning Robot","","","","","NpcPath","3602.98193","52.1349983","788.277832","3602.20752","52.5","787.783447","","24","base_unknown=0;follow_type=1;follow_unknown=24","2","base_unknown=0;follow_type=1;follow_unknown=24;path_count=2;decoded_path_count=2",""
"2026-06-30T00:31:50.7206484Z","IN",288,"FollowTarget","SimpleChar","79225E77","SimpleChar:79225E77","Malfunctioning Cleaning Robot","","","","","NpcPath","3602.98193","52.1349983","788.277832","3602.13184","52.5","787.730469","","24","base_unknown=0;follow_type=1;follow_unknown=24","2","base_unknown=0;follow_type=1;follow_unknown=24;path_count=2;decoded_path_count=2",""
"2026-06-30T00:31:51.0300429Z","IN",293,"FollowTarget","SimpleChar","79225E77","SimpleChar:79225E77","Malfunctioning Cleaning Robot","","","","","NpcPath","3602.96582","52.1349983","788.267456","3602.21753","52.5","788.206665","","24","base_unknown=0;follow_type=1;follow_unknown=24","2","base_unknown=0;follow_type=1;follow_unknown=24;path_count=2;decoded_path_count=2",""
"2026-06-30T00:31:51.1806727Z","IN",299,"FollowTarget","SimpleChar","79225E77","SimpleChar:79225E77","Malfunctioning Cleaning Robot","","","","","NpcPath","3602.96582","52.1349983","788.267456","3602.30005","52.5","788.00293","","24","base_unknown=0;follow_type=1;follow_unknown=24","2","base_unknown=0;follow_type=1;follow_unknown=24;path_count=2;decoded_path_count=2",""
"2026-06-30T00:31:51.4010452Z","IN",300,"FollowTarget","SimpleChar","79225E77","SimpleChar:79225E77","Malfunctioning Cleaning Robot","","","","","NpcPath","3602.96582","52.1349983","788.267456","3602.24072","52.5","788.178894","","24","base_unknown=0;follow_type=1;follow_unknown=24","2","base_unknown=0;follow_type=1;follow_unknown=24;path_count=2;decoded_path_count=2",""
"2026-06-30T00:31:51.6202500Z","IN",301,"FollowTarget","SimpleChar","79225E77","SimpleChar:79225E77","Malfunctioning Cleaning Robot","","","","","NpcPath","3602.96582","52.1349983","788.267456","3602.29102","52.5","787.927368","","24","base_unknown=0;follow_type=1;follow_unknown=24","2","base_unknown=0;follow_type=1;follow_unknown=24;path_count=2;decoded_path_count=2",""
"2026-06-30T00:31:51.8504419Z","IN",302,"FollowTarget","SimpleChar","79225E77","SimpleChar:79225E77","Malfunctioning Cleaning Robot","","","","","NpcPath","3602.96582","52.1349983","788.267456","3602.11865","52.5","787.724487","","24","base_unknown=0;follow_type=1;follow_unknown=24","2","base_unknown=0;follow_type=1;follow_unknown=24;path_count=2;decoded_path_count=2",""
"2026-06-30T00:31:54.9403138Z","IN",322,"FollowTarget","SimpleChar","79225E7C","SimpleChar:79225E7C","Malfunctioning Cleaning Robot","","","","","NpcPath","3622.53516","51.7449989","798.158386","3610.7666","52.5","778.188599","","24","base_unknown=0;follow_type=1;follow_unknown=24","2","base_unknown=0;follow_type=1;follow_unknown=24;path_count=2;decoded_path_count=2",""
"2026-06-30T00:31:57.4800754Z","IN",341,"FollowTarget","SimpleChar","79225E79","SimpleChar:79225E79","Malfunctioning Cleaning Robot","","","","","NpcPath","3597.48267","51.7449989","773.168213","3597.29761","52.5","771.962219","","24","base_unknown=0;follow_type=1;follow_unknown=24","2","base_unknown=0;follow_type=1;follow_unknown=24;path_count=2;decoded_path_count=2",""
"2026-06-30T00:31:57.8406363Z","IN",342,"FollowTarget","SimpleChar","79225E79","SimpleChar:79225E79","Malfunctioning Cleaning Robot","","","","","NpcPath","3597.44336","51.7449989","772.912964","3597.26807","52.5","772.134583","","24","base_unknown=0;follow_type=1;follow_unknown=24","2","base_unknown=0;follow_type=1;follow_unknown=24;path_count=2;decoded_path_count=2",""
"2026-06-30T00:31:58.0600847Z","IN",343,"FollowTarget","SimpleChar","79225E79","SimpleChar:79225E79","Malfunctioning Cleaning Robot","","","","","NpcPath","3597.44336","51.7449989","772.912964","3597.08838","52.5","772.286743","","24","base_unknown=0;follow_type=1;follow_unknown=24","2","base_unknown=0;follow_type=1;follow_unknown=24;path_count=2;decoded_path_count=2",""
"2026-06-30T00:31:58.4205880Z","IN",348,"FollowTarget","SimpleChar","79225E79","SimpleChar:79225E79","Malfunctioning Cleaning Robot","","","","","NpcPath","3597.44336","51.7449989","772.912964","3596.78467","52.5","772.208801","","24","base_unknown=0;follow_type=1;follow_unknown=24","2","base_unknown=0;follow_type=1;follow_unknown=24;path_count=2;decoded_path_count=2",""
"2026-06-30T00:31:58.5101822Z","IN",351,"FollowTarget","SimpleChar","79225E79","SimpleChar:79225E79","Malfunctioning Cleaning Robot","","","","","NpcPath","3597.44336","51.7449989","772.912964","3596.77905","52.5","772.203064","","24","base_unknown=0;follow_type=1;follow_unknown=24","2","base_unknown=0;follow_type=1;follow_unknown=24;path_count=2;decoded_path_count=2",""
"2026-06-30T00:31:58.7307390Z","IN",352,"FollowTarget","SimpleChar","79225E79","SimpleChar:79225E79","Malfunctioning Cleaning Robot","","","","","NpcPath","3597.44336","51.7449989","772.912964","3596.94336","52.5","772.294617","","24","base_unknown=0;follow_type=1;follow_unknown=24","2","base_unknown=0;follow_type=1;follow_unknown=24;path_count=2;decoded_path_count=2",""
"2026-06-30T00:31:58.9604830Z","IN",353,"FollowTarget","SimpleChar","79225E79","SimpleChar:79225E79","Malfunctioning Cleaning Robot","","","","","NpcPath","3597.44336","51.7449989","772.912964","3597.07104","52.5","772.291443","","24","base_unknown=0;follow_type=1;follow_unknown=24","2","base_unknown=0;follow_type=1;follow_unknown=24;path_count=2;decoded_path_count=2",""
"2026-06-30T00:31:59.1806491Z","IN",354,"FollowTarget","SimpleChar","79225E79","SimpleChar:79225E79","Malfunctioning Cleaning Robot","","","","","NpcPath","3597.44336","51.7449989","772.912964","3597.29834","52.5","771.96875","","24","base_unknown=0;follow_type=1;follow_unknown=24","2","base_unknown=0;follow_type=1;follow_unknown=24;path_count=2;decoded_path_count=2",""
"2026-06-30T00:31:59.4001371Z","IN",358,"FollowTarget","SimpleChar","79225E79","SimpleChar:79225E79","Malfunctioning Cleaning Robot","","","","","NpcPath","3597.44336","51.7449989","772.912964","3597.28271","52.5","772.100708","","24","base_unknown=0;follow_type=1;follow_unknown=24","2","base_unknown=0;follow_type=1;follow_unknown=24;path_count=2;decoded_path_count=2",""
"2026-06-30T00:31:59.6197320Z","IN",359,"FollowTarget","SimpleChar","79225E79","SimpleChar:79225E79","Malfunctioning Cleaning Robot","","","","","NpcPath","3597.44336","51.7449989","772.912964","3597.07129","52.5","772.291382","","24","base_unknown=0;follow_type=1;follow_unknown=24","2","base_unknown=0;follow_type=1;follow_unknown=24;path_count=2;decoded_path_count=2",""
"2026-06-30T00:31:59.8499824Z","IN",361,"FollowTarget","SimpleChar","79225E79","SimpleChar:79225E79","Malfunctioning Cleaning Robot","","","","","NpcPath","3597.44336","51.7449989","772.912964","3597.15649","52.5","772.25592","","24","base_unknown=0;follow_type=1;follow_unknown=24","2","base_unknown=0;follow_type=1;follow_unknown=24;path_count=2;decoded_path_count=2",""
"2026-06-30T00:32:00.0598909Z","IN",366,"FollowTarget","SimpleChar","79225E79","SimpleChar:79225E79","Malfunctioning Cleaning Robot","","","","","NpcPath","3597.44336","51.7449989","772.912964","3596.78247","52.5","772.206665","","24","base_unknown=0;follow_type=1;follow_unknown=24","2","base_unknown=0;follow_type=1;follow_unknown=24;path_count=2;decoded_path_count=2",""
"2026-06-30T00:32:00.2802763Z","IN",371,"FollowTarget","SimpleChar","79225E79","SimpleChar:79225E79","Malfunctioning Cleaning Robot","","","","","NpcPath","3597.44336","51.7449989","772.912964","3597.18262","52.5","772.238037","","24","base_unknown=0;follow_type=1;follow_unknown=24","2","base_unknown=0;follow_type=1;follow_unknown=24;path_count=2;decoded_path_count=2",""
"2026-06-30T00:32:00.4998574Z","IN",373,"FollowTarget","SimpleChar","79225E77","SimpleChar:79225E77","Malfunctioning Cleaning Robot","","","","","NpcPath","3602.95679","52.1349983","788.261658","3596.92432","52.5","772.290283","","24","base_unknown=0;follow_type=1;follow_unknown=24","2","base_unknown=0;follow_type=1;follow_unknown=24;path_count=2;decoded_path_count=2",""
"2026-06-30T00:32:00.4998574Z","IN",374,"FollowTarget","SimpleChar","79225E79","SimpleChar:79225E79","Malfunctioning Cleaning Robot","","","","","NpcPath","3597.44336","51.7449989","772.912964","3597.29248","52.5","772.066772","","24","base_unknown=0;follow_type=1;follow_unknown=24","2","base_unknown=0;follow_type=1;follow_unknown=24;path_count=2;decoded_path_count=2",""
"2026-06-30T00:32:00.7199930Z","IN",375,"FollowTarget","SimpleChar","79225E79","SimpleChar:79225E79","Malfunctioning Cleaning Robot","","","","","NpcPath","3597.44336","51.7449989","772.912964","3597.19482","52.5","772.228149","","24","base_unknown=0;follow_type=1;follow_unknown=24","2","base_unknown=0;follow_type=1;follow_unknown=24;path_count=2;decoded_path_count=2",""
"2026-06-30T00:32:00.9501041Z","IN",376,"FollowTarget","SimpleChar","79225E79","SimpleChar:79225E79","Malfunctioning Cleaning Robot","","","","","NpcPath","3597.44336","51.7449989","772.912964","3596.78809","52.5","772.21228","","24","base_unknown=0;follow_type=1;follow_unknown=24","2","base_unknown=0;follow_type=1;follow_unknown=24;path_count=2;decoded_path_count=2",""
"2026-06-30T00:32:01.1598775Z","IN",378,"FollowTarget","SimpleChar","79225E79","SimpleChar:79225E79","Malfunctioning Cleaning Robot","","","","","NpcPath","3597.44336","51.7449989","772.912964","3597.27417","52.5","772.121948","","24","base_unknown=0;follow_type=1;follow_unknown=24","2","base_unknown=0;follow_type=1;follow_unknown=24;path_count=2;decoded_path_count=2",""
"2026-06-30T00:32:01.3803568Z","IN",383,"FollowTarget","SimpleChar","79225E79","SimpleChar:79225E79","Malfunctioning Cleaning Robot","","","","","NpcPath","3597.44336","51.7449989","772.912964","3597.19995","52.5","772.223694","","24","base_unknown=0;follow_type=1;follow_unknown=24","2","base_unknown=0;follow_type=1;follow_unknown=24;path_count=2;decoded_path_count=2",""
"2026-06-30T00:32:01.5898567Z","IN",384,"FollowTarget","SimpleChar","79225E79","SimpleChar:79225E79","Malfunctioning Cleaning Robot","","","","","NpcPath","3597.44336","51.7449989","772.912964","3596.75171","52.5","772.168396","","24","base_unknown=0;follow_type=1;follow_unknown=24","2","base_unknown=0;follow_type=1;follow_unknown=24;path_count=2;decoded_path_count=2",""
"2026-06-30T00:32:02.3705612Z","IN",389,"FollowTarget","SimpleChar","79225E78","SimpleChar:79225E78","Malfunctioning Cleaning Robot","","","","","NpcPath","3620.41748","51.7449989","785.082642","3620.72803","52.5","783.873535","","24","base_unknown=0;follow_type=1;follow_unknown=24","2","base_unknown=0;follow_type=1;follow_unknown=24;path_count=2;decoded_path_count=2",""
"2026-06-30T00:32:03.2402649Z","IN",398,"FollowTarget","SimpleChar","79225E7D","SimpleChar:79225E7D","Malfunctioning Cleaning Robot","","","","","NpcPath","3621.92627","51.7449989","798.293274","3622.71094","52.5","799.080627","","24","base_unknown=0;follow_type=1;follow_unknown=24","2","base_unknown=0;follow_type=1;follow_unknown=24;path_count=2;decoded_path_count=2",""
"2026-06-30T00:32:03.6699634Z","IN",402,"FollowTarget","SimpleChar","79225E7D","SimpleChar:79225E7D","Malfunctioning Cleaning Robot","","","","","NpcPath","3622.00635","51.7449989","798.373718","3622.70874","52.5","799.071533","","24","base_unknown=0;follow_type=1;follow_unknown=24","2","base_unknown=0;follow_type=1;follow_unknown=24;path_count=2;decoded_path_count=2",""
"2026-06-30T00:32:03.8902125Z","IN",403,"FollowTarget","SimpleChar","79225E7D","SimpleChar:79225E7D","Malfunctioning Cleaning Robot","","","","","NpcPath","3622.00635","51.7449989","798.373718","3622.75903","52.5","798.82135","","24","base_unknown=0;follow_type=1;follow_unknown=24","2","base_unknown=0;follow_type=1;follow_unknown=24;path_count=2;decoded_path_count=2",""
"2026-06-30T00:32:04.1001186Z","IN",404,"FollowTarget","SimpleChar","79225E7D","SimpleChar:79225E7D","Malfunctioning Cleaning Robot","","","","","NpcPath","3622.00635","51.7449989","798.373718","3622.85962","52.5","798.734863","","24","base_unknown=0;follow_type=1;follow_unknown=24","2","base_unknown=0;follow_type=1;follow_unknown=24;path_count=2;decoded_path_count=2",""
"2026-06-30T00:32:04.5398800Z","IN",408,"FollowTarget","SimpleChar","79225E7D","SimpleChar:79225E7D","Malfunctioning Cleaning Robot","","","","","NpcPath","3622.00635","51.7449989","798.373718","3622.75586","52.5","798.8255","","24","base_unknown=0;follow_type=1;follow_unknown=24","2","base_unknown=0;follow_type=1;follow_unknown=24;path_count=2;decoded_path_count=2",""
"2026-06-30T00:32:04.5398800Z","IN",409,"FollowTarget","SimpleChar","79225E7D","SimpleChar:79225E7D","Malfunctioning Cleaning Robot","","","","","NpcPath","3622.00635","51.7449989","798.373718","3622.92334","52.5","798.709961","","24","base_unknown=0;follow_type=1;follow_unknown=24","2","base_unknown=0;follow_type=1;follow_unknown=24;path_count=2;decoded_path_count=2",""
"2026-06-30T00:32:04.7501913Z","IN",411,"FollowTarget","SimpleChar","79225E7D","SimpleChar:79225E7D","Malfunctioning Cleaning Robot","","","","","NpcPath","3622.00635","51.7449989","798.373718","3622.94702","52.5","798.704712","","24","base_unknown=0;follow_type=1;follow_unknown=24","2","base_unknown=0;follow_type=1;follow_unknown=24;path_count=2;decoded_path_count=2",""
"2026-06-30T00:32:04.9704330Z","IN",412,"FollowTarget","SimpleChar","79225E7D","SimpleChar:79225E7D","Malfunctioning Cleaning Robot","","","","","NpcPath","3622.00635","51.7449989","798.373718","3622.72607","52.5","798.877869","","24","base_unknown=0;follow_type=1;follow_unknown=24","2","base_unknown=0;follow_type=1;follow_unknown=24;path_count=2;decoded_path_count=2",""
"2026-06-30T00:32:05.1805944Z","IN",413,"FollowTarget","SimpleChar","79225E78","SimpleChar:79225E78","Malfunctioning Cleaning Robot","","","","","NpcPath","3620.4812","51.7449989","784.834595","3612.271","52.5","788.128784","","24","base_unknown=0;follow_type=1;follow_unknown=24","2","base_unknown=0;follow_type=1;follow_unknown=24;path_count=2;decoded_path_count=2",""
"2026-06-30T00:32:05.1805944Z","IN",414,"FollowTarget","SimpleChar","79225E7D","SimpleChar:79225E7D","Malfunctioning Cleaning Robot","","","","","NpcPath","3622.00635","51.7449989","798.373718","3622.7793","52.5","798.796875","","24","base_unknown=0;follow_type=1;follow_unknown=24","2","base_unknown=0;follow_type=1;follow_unknown=24;path_count=2;decoded_path_count=2",""
"2026-06-30T00:32:05.4002705Z","IN",419,"FollowTarget","SimpleChar","79225E7D","SimpleChar:79225E7D","Malfunctioning Cleaning Robot","","","","","NpcPath","3622.00635","51.7449989","798.373718","3623.09839","52.5","798.716614","","24","base_unknown=0;follow_type=1;follow_unknown=24","2","base_unknown=0;follow_type=1;follow_unknown=24;path_count=2;decoded_path_count=2",""
"2026-06-30T00:32:05.8302545Z","IN",422,"FollowTarget","SimpleChar","79225E7D","SimpleChar:79225E7D","Malfunctioning Cleaning Robot","","","","","NpcPath","3622.14697","51.7449989","798.417908","3622.80396","52.5","798.772888","","24","base_unknown=0;follow_type=1;follow_unknown=24","2","base_unknown=0;follow_type=1;follow_unknown=24;path_count=2;decoded_path_count=2",""
"2026-06-30T00:32:06.0503098Z","IN",431,"FollowTarget","SimpleChar","79225E7D","SimpleChar:79225E7D","Malfunctioning Cleaning Robot","","","","","NpcPath","3622.14697","51.7449989","798.417908","3622.75195","52.5","798.831421","","24","base_unknown=0;follow_type=1;follow_unknown=24","2","base_unknown=0;follow_type=1;follow_unknown=24;path_count=2;decoded_path_count=2",""
"2026-06-30T00:32:06.2602511Z","IN",432,"FollowTarget","SimpleChar","79225E7D","SimpleChar:79225E7D","Malfunctioning Cleaning Robot","","","","","NpcPath","3622.14697","51.7449989","798.417908","3622.70947","52.5","798.925049","","24","base_unknown=0;follow_type=1;follow_unknown=24","2","base_unknown=0;follow_type=1;follow_unknown=24;path_count=2;decoded_path_count=2",""
"2026-06-30T00:32:06.4905693Z","IN",436,"FollowTarget","SimpleChar","79225E7D","SimpleChar:79225E7D","Malfunctioning Cleaning Robot","","","","","NpcPath","3622.14697","51.7449989","798.417908","3622.9856","52.5","798.700317","","24","base_unknown=0;follow_type=1;follow_unknown=24","2","base_unknown=0;follow_type=1;follow_unknown=24;path_count=2;decoded_path_count=2",""
"2026-06-30T00:32:06.7098325Z","IN",438,"FollowTarget","SimpleChar","79225E7D","SimpleChar:79225E7D","Malfunctioning Cleaning Robot","","","","","NpcPath","3622.14697","51.7449989","798.417908","3623.11328","52.5","798.722168","","24","base_unknown=0;follow_type=1;follow_unknown=24","2","base_unknown=0;follow_type=1;follow_unknown=24;path_count=2;decoded_path_count=2",""
"2026-06-30T00:32:06.9401185Z","IN",439,"FollowTarget","SimpleChar","79225E7D","SimpleChar:79225E7D","Malfunctioning Cleaning Robot","","","","","NpcPath","3622.16626","51.7449989","798.424011","3623.13672","52.5","798.73291","","24","base_unknown=0;follow_type=1;follow_unknown=24","2","base_unknown=0;follow_type=1;follow_unknown=24;path_count=2;decoded_path_count=2",""
"2026-06-30T00:32:07.4798173Z","IN",443,"FollowTarget","SimpleChar","79225E79","SimpleChar:79225E79","Malfunctioning Cleaning Robot","","","","","NpcPath","3597.43213","51.7449989","772.900818","3599.24902","52.5","786.832703","","24","base_unknown=0;follow_type=1;follow_unknown=24","2","base_unknown=0;follow_type=1;follow_unknown=24;path_count=2;decoded_path_count=2",""
"2026-06-30T00:32:09.3796469Z","IN",451,"FollowTarget","SimpleChar","79225E7A","SimpleChar:79225E7A","Malfunctioning Cleaning Robot","","","","","NpcPath","3622.04614","51.7449989","798.164063","3622.74951","52.5","798.834839","","24","base_unknown=0;follow_type=1;follow_unknown=24","2","base_unknown=0;follow_type=1;follow_unknown=24;path_count=2;decoded_path_count=2",""
"2026-06-30T00:32:09.6207895Z","IN",454,"FollowTarget","SimpleChar","79225E7A","SimpleChar:79225E7A","Malfunctioning Cleaning Robot","","","","","NpcPath","3622.04614","51.7449989","798.164063","3622.98291","52.5","798.7005","","24","base_unknown=0;follow_type=1;follow_unknown=24","2","base_unknown=0;follow_type=1;follow_unknown=24;path_count=2;decoded_path_count=2",""
"2026-06-30T00:32:10.0499024Z","IN",455,"FollowTarget","SimpleChar","79225E7A","SimpleChar:79225E7A","Malfunctioning Cleaning Robot","","","","","NpcPath","3622.13794","51.7449989","798.216614","3622.83691","52.5","798.748108","","24","base_unknown=0;follow_type=1;follow_unknown=24","2","base_unknown=0;follow_type=1;follow_unknown=24;path_count=2;decoded_path_count=2",""
"2026-06-30T00:32:10.2701109Z","IN",456,"FollowTarget","SimpleChar","79225E7C","SimpleChar:79225E7C","Malfunctioning Cleaning Robot","","","","","NpcPath","3611.25732","52.1349983","779.021606","3610.98511","52.5","778.299622","","24","base_unknown=0;follow_type=1;follow_unknown=24","2","base_unknown=0;follow_type=1;follow_unknown=24;path_count=2;decoded_path_count=2",""
"2026-06-30T00:32:10.2701109Z","IN",457,"FollowTarget","SimpleChar","79225E7A","SimpleChar:79225E7A","Malfunctioning Cleaning Robot","","","","","NpcPath","3622.13794","51.7449989","798.216614","3622.77002","52.5","799.192505","","24","base_unknown=0;follow_type=1;follow_unknown=24","2","base_unknown=0;follow_type=1;follow_unknown=24;path_count=2;decoded_path_count=2",""
"2026-06-30T00:32:10.4402074Z","IN",458,"FollowTarget","SimpleChar","79225E7C","SimpleChar:79225E7C","Malfunctioning Cleaning Robot","","","","","NpcPath","3611.25732","52.1349983","779.021606","3610.75171","52.5","778.168213","","24","base_unknown=0;follow_type=1;follow_unknown=24","2","base_unknown=0;follow_type=1;follow_unknown=24;path_count=2;decoded_path_count=2",""
"2026-06-30T00:32:10.5900399Z","IN",461,"FollowTarget","SimpleChar","79225E7C","SimpleChar:79225E7C","Malfunctioning Cleaning Robot","","","","","NpcPath","3611.25732","52.1349983","779.021606","3611.29932","52.5","777.981445","","24","base_unknown=0;follow_type=1;follow_unknown=24","2","base_unknown=0;follow_type=1;follow_unknown=24;path_count=2;decoded_path_count=2",""
"2026-06-30T00:32:10.8104035Z","IN",462,"FollowTarget","SimpleChar","79225E7C","SimpleChar:79225E7C","Malfunctioning Cleaning Robot","","","","","NpcPath","3611.25928","52.1349983","778.968262","3611.00977","52.5","778.299866","","24","base_unknown=0;follow_type=1;follow_unknown=24","2","base_unknown=0;follow_type=1;follow_unknown=24;path_count=2;decoded_path_count=2",""
"2026-06-30T00:32:10.9199752Z","IN",463,"FollowTarget","SimpleChar","79225E78","SimpleChar:79225E78","Malfunctioning Cleaning Robot","","","","","NpcPath","3613.18652","52.1349983","787.761597","3612.19946","52.5","788.224182","","24","base_unknown=0;follow_type=1;follow_unknown=24","2","base_unknown=0;follow_type=1;follow_unknown=24;path_count=2;decoded_path_count=2",""
"2026-06-30T00:32:11.0400383Z","IN",464,"FollowTarget","SimpleChar","79225E7C","SimpleChar:79225E7C","Malfunctioning Cleaning Robot","","","","","NpcPath","3611.25928","52.1349983","778.968262","3610.71533","52.5","778.094299","","24","base_unknown=0;follow_type=1;follow_unknown=24","2","base_unknown=0;follow_type=1;follow_unknown=24;path_count=2;decoded_path_count=2",""
"2026-06-30T00:32:11.3798930Z","IN",469,"FollowTarget","SimpleChar","79225E78","SimpleChar:79225E78","Malfunctioning Cleaning Robot","","","","","NpcPath","3613.07861","52.1349983","787.812134","3612.06274","52.5","787.706604","","24","base_unknown=0;follow_type=1;follow_unknown=24","2","base_unknown=0;follow_type=1;follow_unknown=24;path_count=2;decoded_path_count=2",""
"2026-06-30T00:32:11.6098997Z","IN",472,"FollowTarget","SimpleChar","79225E78","SimpleChar:79225E78","Malfunctioning Cleaning Robot","","","","","NpcPath","3613.05151","52.1349983","787.809265","3612.21899","52.5","787.794861","","24","base_unknown=0;follow_type=1;follow_unknown=24","2","base_unknown=0;follow_type=1;follow_unknown=24;path_count=2;decoded_path_count=2",""
"2026-06-30T00:32:11.7197782Z","IN",473,"FollowTarget","SimpleChar","79225E77","SimpleChar:79225E77","Malfunctioning Cleaning Robot","","","","","NpcPath","3597.27686","51.7449989","773.222412","3596.73145","52.5","772.133789","","24","base_unknown=0;follow_type=1;follow_unknown=24","2","base_unknown=0;follow_type=1;follow_unknown=24;path_count=2;decoded_path_count=2",""
"2026-06-30T00:32:11.8501566Z","IN",474,"FollowTarget","SimpleChar","79225E78","SimpleChar:79225E78","Malfunctioning Cleaning Robot","","","","","NpcPath","3613.05151","52.1349983","787.809265","3612.19141","52.5","788.231018","","24","base_unknown=0;follow_type=1;follow_unknown=24","2","base_unknown=0;follow_type=1;follow_unknown=24;path_count=2;decoded_path_count=2",""
"2026-06-30T00:32:12.0703384Z","IN",475,"FollowTarget","SimpleChar","79225E78","SimpleChar:79225E78","Malfunctioning Cleaning Robot","","","","","NpcPath","3613.05151","52.1349983","787.809265","3612.22656","52.5","788.196533","","24","base_unknown=0;follow_type=1;follow_unknown=24","2","base_unknown=0;follow_type=1;follow_unknown=24;path_count=2;decoded_path_count=2",""
"2026-06-30T00:32:12.2898770Z","IN",480,"FollowTarget","SimpleChar","79225E77","SimpleChar:79225E77","Malfunctioning Cleaning Robot","","","","","NpcPath","3597.17358","51.7449989","773.016357","3597.29639","52.5","771.953796","","24","base_unknown=0;follow_type=1;follow_unknown=24","2","base_unknown=0;follow_type=1;follow_unknown=24;path_count=2;decoded_path_count=2",""
"2026-06-30T00:32:12.2898770Z","IN",481,"FollowTarget","SimpleChar","79225E78","SimpleChar:79225E78","Malfunctioning Cleaning Robot","","","","","NpcPath","3613.05151","52.1349983","787.809265","3612.20605","52.5","787.781982","","24","base_unknown=0;follow_type=1;follow_unknown=24","2","base_unknown=0;follow_type=1;follow_unknown=24;path_count=2;decoded_path_count=2",""
"2026-06-30T00:32:12.7602308Z","IN",484,"FollowTarget","SimpleChar","79225E78","SimpleChar:79225E78","Malfunctioning Cleaning Robot","","","","","NpcPath","3613.05151","52.1349983","787.809265","3612.06323","52.5","787.706726","","24","base_unknown=0;follow_type=1;follow_unknown=24","2","base_unknown=0;follow_type=1;follow_unknown=24;path_count=2;decoded_path_count=2",""
"2026-06-30T00:32:12.7602308Z","IN",485,"FollowTarget","SimpleChar","79225E78","SimpleChar:79225E78","Malfunctioning Cleaning Robot","","","","","NpcPath","3613.05151","52.1349983","787.809265","3611.99243","52.5","787.700073","","24","base_unknown=0;follow_type=1;follow_unknown=24","2","base_unknown=0;follow_type=1;follow_unknown=24;path_count=2;decoded_path_count=2",""
"2026-06-30T00:32:12.9703262Z","IN",486,"FollowTarget","SimpleChar","79225E78","SimpleChar:79225E78","Malfunctioning Cleaning Robot","","","","","NpcPath","3612.98438","52.1349983","787.802368","3611.95508","52.5","787.703369","","24","base_unknown=0;follow_type=1;follow_unknown=24","2","base_unknown=0;follow_type=1;follow_unknown=24;path_count=2;decoded_path_count=2",""
"2026-06-30T00:32:14.1000099Z","IN",492,"FollowTarget","SimpleChar","79225E7D","SimpleChar:79225E7D","Malfunctioning Cleaning Robot","","","","","NpcPath","3622.18652","51.7449989","798.43042","3599.2002","52.5","787.223511","","24","base_unknown=0;follow_type=1;follow_unknown=24","2","base_unknown=0;follow_type=1;follow_unknown=24;path_count=2;decoded_path_count=2",""
"2026-06-30T00:32:15.5500188Z","IN",501,"FollowTarget","SimpleChar","79225E78","SimpleChar:79225E78","Malfunctioning Cleaning Robot","","","","","NpcPath","3612.93921","52.1349983","787.798096","3602.12134","52.5","788.274353","","24","base_unknown=0;follow_type=1;follow_unknown=24","2","base_unknown=0;follow_type=1;follow_unknown=24;path_count=2;decoded_path_count=2",""
"2026-06-30T00:32:16.1007620Z","IN",507,"FollowTarget","SimpleChar","79225E7A","SimpleChar:79225E7A","Malfunctioning Cleaning Robot","","","","","NpcPath","3622.23706","51.7449989","798.369751","3596.99536","52.5","772.299988","","24","base_unknown=0;follow_type=1;follow_unknown=24","2","base_unknown=0;follow_type=1;follow_unknown=24;path_count=2;decoded_path_count=2",""
"2026-06-30T00:32:16.9702707Z","IN",510,"FollowTarget","SimpleChar","79225E79","SimpleChar:79225E79","Malfunctioning Cleaning Robot","","","","","NpcPath","3599.11963","51.7449989","785.841919","3598.71899","52.5","786.89502","","24","base_unknown=0;follow_type=1;follow_unknown=24","2","base_unknown=0;follow_type=1;follow_unknown=24;path_count=2;decoded_path_count=2",""
"2026-06-30T00:32:17.0895837Z","IN",511,"FollowTarget","SimpleChar","79225E79","SimpleChar:79225E79","Malfunctioning Cleaning Robot","","","","","NpcPath","3599.06567","51.7449989","785.982666","3599.22144","52.5","786.797668","","24","base_unknown=0;follow_type=1;follow_unknown=24","2","base_unknown=0;follow_type=1;follow_unknown=24;path_count=2;decoded_path_count=2",""
"2026-06-30T00:32:17.3202311Z","IN",512,"FollowTarget","SimpleChar","79225E79","SimpleChar:79225E79","Malfunctioning Cleaning Robot","","","","","NpcPath","3599.06567","51.7449989","785.982666","3599.07104","52.5","786.708557","","24","base_unknown=0;follow_type=1;follow_unknown=24","2","base_unknown=0;follow_type=1;follow_unknown=24;path_count=2;decoded_path_count=2",""
"2026-06-30T00:32:17.5399028Z","IN",513,"FollowTarget","SimpleChar","79225E79","SimpleChar:79225E79","Malfunctioning Cleaning Robot","","","","","NpcPath","3599.06567","51.7449989","785.982666","3598.71094","52.5","786.919678","","24","base_unknown=0;follow_type=1;follow_unknown=24","2","base_unknown=0;follow_type=1;follow_unknown=24;path_count=2;decoded_path_count=2",""
"2026-06-30T00:32:17.7599485Z","IN",516,"FollowTarget","SimpleChar","79225E79","SimpleChar:79225E79","Malfunctioning Cleaning Robot","","","","","NpcPath","3599.0647","51.7449989","785.985168","3598.77051","52.5","786.806824","","24","base_unknown=0;follow_type=1;follow_unknown=24","2","base_unknown=0;follow_type=1;follow_unknown=24;path_count=2;decoded_path_count=2",""
"2026-06-30T00:32:17.9800407Z","IN",517,"FollowTarget","SimpleChar","79225E79","SimpleChar:79225E79","Malfunctioning Cleaning Robot","","","","","NpcPath","3599.0647","51.7449989","785.985168","3599.19458","52.5","786.771729","","24","base_unknown=0;follow_type=1;follow_unknown=24","2","base_unknown=0;follow_type=1;follow_unknown=24;path_count=2;decoded_path_count=2",""
"2026-06-30T00:32:18.2018588Z","IN",525,"FollowTarget","SimpleChar","79225E79","SimpleChar:79225E79","Malfunctioning Cleaning Robot","","","","","NpcPath","3599.0647","51.7449989","785.985168","3598.79077","52.5","786.785034","","24","base_unknown=0;follow_type=1;follow_unknown=24","2","base_unknown=0;follow_type=1;follow_unknown=24;path_count=2;decoded_path_count=2",""
"2026-06-30T00:32:18.4299638Z","IN",526,"FollowTarget","SimpleChar","79225E79","SimpleChar:79225E79","Malfunctioning Cleaning Robot","","","","","NpcPath","3599.0647","51.7449989","785.985168","3598.70776","52.5","786.932617","","24","base_unknown=0;follow_type=1;follow_unknown=24","2","base_unknown=0;follow_type=1;follow_unknown=24;path_count=2;decoded_path_count=2",""
"2026-06-30T00:32:20.4212154Z","IN",534,"FollowTarget","SimpleChar","79225E7C","SimpleChar:79225E7C","Malfunctioning Cleaning Robot","","","","","NpcPath","3608.04175","53.2449989","801.702942","3620.70068","52.5","784.019775","","24","base_unknown=0;follow_type=1;follow_unknown=24","2","base_unknown=0;follow_type=1;follow_unknown=24;path_count=2;decoded_path_count=2",""
"2026-06-30T00:32:22.5111029Z","IN",547,"FollowTarget","SimpleChar","79225E78","SimpleChar:79225E78","Malfunctioning Cleaning Robot","","","","","NpcPath","3603.08398","52.1349983","788.231934","3602.26147","52.5","788.146851","","24","base_unknown=0;follow_type=1;follow_unknown=24","2","base_unknown=0;follow_type=1;follow_unknown=24;path_count=2;decoded_path_count=2",""
"2026-06-30T00:32:23.0512926Z","IN",551,"FollowTarget","SimpleChar","79225E78","SimpleChar:79225E78","Malfunctioning Cleaning Robot","","","","","NpcPath","3603.08398","52.1349983","788.231934","3601.99829","52.5","788.299988","","24","base_unknown=0;follow_type=1;follow_unknown=24","2","base_unknown=0;follow_type=1;follow_unknown=24;path_count=2;decoded_path_count=2",""
"2026-06-30T00:32:26.1714879Z","IN",566,"FollowTarget","SimpleChar","79225E77","SimpleChar:79225E77","Malfunctioning Cleaning Robot","","","","","NpcPath","3601.52563","51.7350006","777.490662","3610.7981","52.5","778.221985","","24","base_unknown=0;follow_type=1;follow_unknown=24","2","base_unknown=0;follow_type=1;follow_unknown=24;path_count=2;decoded_path_count=2",""
"2026-06-30T00:32:30.9014237Z","IN",589,"FollowTarget","SimpleChar","79225E7D","SimpleChar:79225E7D","Malfunctioning Cleaning Robot","","","","","NpcPath","3600.0896","51.9249954","787.656982","3599.1687","52.5","787.248047","","24","base_unknown=0;follow_type=1;follow_unknown=24","2","base_unknown=0;follow_type=1;follow_unknown=24;path_count=2;decoded_path_count=2",""
"2026-06-30T00:32:31.1216290Z","IN",592,"FollowTarget","SimpleChar","79225E7D","SimpleChar:79225E7D","Malfunctioning Cleaning Robot","","","","","NpcPath","3600.07886","51.9249954","787.652283","3599.29004","52.5","787.077026","","24","base_unknown=0;follow_type=1;follow_unknown=24","2","base_unknown=0;follow_type=1;follow_unknown=24;path_count=2;decoded_path_count=2",""
"2026-06-30T00:32:31.3310394Z","IN",593,"FollowTarget","SimpleChar","79225E7D","SimpleChar:79225E7D","Malfunctioning Cleaning Robot","","","","","NpcPath","3600.07886","51.9249954","787.652283","3599.0918","52.5","787.285583","","24","base_unknown=0;follow_type=1;follow_unknown=24","2","base_unknown=0;follow_type=1;follow_unknown=24;path_count=2;decoded_path_count=2",""
"2026-06-30T00:32:31.5509719Z","IN",594,"FollowTarget","SimpleChar","79225E7D","SimpleChar:79225E7D","Malfunctioning Cleaning Robot","","","","","NpcPath","3600.0271","51.9249954","787.632996","3599.17627","52.5","787.242798","","24","base_unknown=0;follow_type=1;follow_unknown=24","2","base_unknown=0;follow_type=1;follow_unknown=24;path_count=2;decoded_path_count=2",""
"2026-06-30T00:32:31.9508057Z","IN",596,"FollowTarget","SimpleChar","79225E78","SimpleChar:79225E78","Malfunctioning Cleaning Robot","","","","","NpcPath","3602.97021","52.1349983","788.239136","3594.21118","52.5","799.786926","","24","base_unknown=0;follow_type=1;follow_unknown=24","2","base_unknown=0;follow_type=1;follow_unknown=24;path_count=2;decoded_path_count=2",""
"2026-06-30T00:32:31.9518073Z","IN",597,"FollowTarget","SimpleChar","79225E7D","SimpleChar:79225E7D","Malfunctioning Cleaning Robot","","","","","NpcPath","3600.0271","51.9249954","787.632996","3598.92285","52.5","787.289917","","24","base_unknown=0;follow_type=1;follow_unknown=24","2","base_unknown=0;follow_type=1;follow_unknown=24;path_count=2;decoded_path_count=2",""
"2026-06-30T00:32:32.1812108Z","IN",601,"FollowTarget","SimpleChar","79225E77","SimpleChar:79225E77","Malfunctioning Cleaning Robot","","","","","NpcPath","3609.84424","51.9249954","778.146667","3610.77466","52.5","777.80188","","24","base_unknown=0;follow_type=1;follow_unknown=24","2","base_unknown=0;follow_type=1;follow_unknown=24;path_count=2;decoded_path_count=2",""
"2026-06-30T00:32:32.4014248Z","IN",602,"FollowTarget","SimpleChar","79225E7D","SimpleChar:79225E7D","Malfunctioning Cleaning Robot","","","","","NpcPath","3599.86719","51.9249954","787.583313","3599.13818","52.5","787.266296","","24","base_unknown=0;follow_type=1;follow_unknown=24","2","base_unknown=0;follow_type=1;follow_unknown=24;path_count=2;decoded_path_count=2",""
"2026-06-30T00:32:32.4014248Z","IN",604,"FollowTarget","SimpleChar","79225E77","SimpleChar:79225E77","Malfunctioning Cleaning Robot","","","","","NpcPath","3609.84424","51.9249954","778.146667","3610.73071","52.5","777.867798","","24","base_unknown=0;follow_type=1;follow_unknown=24","2","base_unknown=0;follow_type=1;follow_unknown=24;path_count=2;decoded_path_count=2",""
"2026-06-30T00:32:32.6313281Z","IN",605,"FollowTarget","SimpleChar","79225E7D","SimpleChar:79225E7D","Malfunctioning Cleaning Robot","","","","","NpcPath","3599.86719","51.9249954","787.583313","3599.1792","52.5","787.24054","","24","base_unknown=0;follow_type=1;follow_unknown=24","2","base_unknown=0;follow_type=1;follow_unknown=24;path_count=2;decoded_path_count=2",""
"2026-06-30T00:32:32.6313281Z","IN",607,"FollowTarget","SimpleChar","79225E77","SimpleChar:79225E77","Malfunctioning Cleaning Robot","","","","","NpcPath","3609.84424","51.9249954","778.146667","3610.74585","52.5","778.159241","","24","base_unknown=0;follow_type=1;follow_unknown=24","2","base_unknown=0;follow_type=1;follow_unknown=24;path_count=2;decoded_path_count=2",""
"2026-06-30T00:32:32.8510730Z","IN",608,"FollowTarget","SimpleChar","79225E7D","SimpleChar:79225E7D","Malfunctioning Cleaning Robot","","","","","NpcPath","3599.86719","51.9249954","787.583313","3599.22314","52.5","786.799438","","24","base_unknown=0;follow_type=1;follow_unknown=24","2","base_unknown=0;follow_type=1;follow_unknown=24;path_count=2;decoded_path_count=2",""
"2026-06-30T00:32:32.8510730Z","IN",610,"FollowTarget","SimpleChar","79225E77","SimpleChar:79225E77","Malfunctioning Cleaning Robot","","","","","NpcPath","3609.84424","51.9249954","778.146667","3610.75415","52.5","778.172058","","24","base_unknown=0;follow_type=1;follow_unknown=24","2","base_unknown=0;follow_type=1;follow_unknown=24;path_count=2;decoded_path_count=2",""
"2026-06-30T00:32:32.9609178Z","IN",612,"FollowTarget","SimpleChar","79225E7D","SimpleChar:79225E7D","Malfunctioning Cleaning Robot","","","","","NpcPath","3599.85278","51.9249954","787.565735","3599.1958","52.5","787.227356","","24","base_unknown=0;follow_type=1;follow_unknown=24","2","base_unknown=0;follow_type=1;follow_unknown=24;path_count=2;decoded_path_count=2",""
"2026-06-30T00:32:33.0812574Z","IN",616,"FollowTarget","SimpleChar","79225E77","SimpleChar:79225E77","Malfunctioning Cleaning Robot","","","","","NpcPath","3609.84424","51.9249954","778.146667","3610.71362","52.5","777.910339","","24","base_unknown=0;follow_type=1;follow_unknown=24","2","base_unknown=0;follow_type=1;follow_unknown=24;path_count=2;decoded_path_count=2",""
"2026-06-30T00:32:33.2214908Z","IN",620,"FollowTarget","SimpleChar","79225E7D","SimpleChar:79225E7D","Malfunctioning Cleaning Robot","","","","","NpcPath","3599.85278","51.9249954","787.565735","3599.17212","52.5","787.245789","","24","base_unknown=0;follow_type=1;follow_unknown=24","2","base_unknown=0;follow_type=1;follow_unknown=24;path_count=2;decoded_path_count=2",""
"2026-06-30T00:32:33.3414460Z","IN",625,"FollowTarget","SimpleChar","79225E77","SimpleChar:79225E77","Malfunctioning Cleaning Robot","","","","","NpcPath","3609.84424","51.9249954","778.146667","3610.74707","52.5","777.838806","","24","base_unknown=0;follow_type=1;follow_unknown=24","2","base_unknown=0;follow_type=1;follow_unknown=24;path_count=2;decoded_path_count=2",""
"2026-06-30T00:32:33.3414460Z","IN",626,"FollowTarget","SimpleChar","79225E7D","SimpleChar:79225E7D","Malfunctioning Cleaning Robot","","","","","NpcPath","3599.85278","51.9249954","787.565735","3598.9314","52.5","787.292053","","24","base_unknown=0;follow_type=1;follow_unknown=24","2","base_unknown=0;follow_type=1;follow_unknown=24;path_count=2;decoded_path_count=2",""
"2026-06-30T00:32:33.5209121Z","IN",627,"FollowTarget","SimpleChar","79225E77","SimpleChar:79225E77","Malfunctioning Cleaning Robot","","","","","NpcPath","3609.84424","51.9249954","778.146667","3610.79126","52.5","778.215454","","24","base_unknown=0;follow_type=1;follow_unknown=24","2","base_unknown=0;follow_type=1;follow_unknown=24;path_count=2;decoded_path_count=2",""
"2026-06-30T00:32:33.7410745Z","IN",628,"FollowTarget","SimpleChar","79225E7D","SimpleChar:79225E7D","Malfunctioning Cleaning Robot","","","","","NpcPath","3599.85278","51.9249954","787.565735","3599.27808","52.5","787.112793","","24","base_unknown=0;follow_type=1;follow_unknown=24","2","base_unknown=0;follow_type=1;follow_unknown=24;path_count=2;decoded_path_count=2",""
"2026-06-30T00:32:33.7410745Z","IN",629,"FollowTarget","SimpleChar","79225E77","SimpleChar:79225E77","Malfunctioning Cleaning Robot","","","","","NpcPath","3609.84424","51.9249954","778.146667","3610.9624","52.5","778.297668","","24","base_unknown=0;follow_type=1;follow_unknown=24","2","base_unknown=0;follow_type=1;follow_unknown=24;path_count=2;decoded_path_count=2",""
"2026-06-30T00:32:33.9714246Z","IN",630,"FollowTarget","SimpleChar","79225E7D","SimpleChar:79225E7D","Malfunctioning Cleaning Robot","","","","","NpcPath","3599.85278","51.9249954","787.565735","3599.26074","52.5","786.851624","","24","base_unknown=0;follow_type=1;follow_unknown=24","2","base_unknown=0;follow_type=1;follow_unknown=24;path_count=2;decoded_path_count=2",""
"2026-06-30T00:32:34.1413655Z","IN",633,"FollowTarget","SimpleChar","79225E7D","SimpleChar:79225E7D","Malfunctioning Cleaning Robot","","","","","NpcPath","3599.85278","51.9249954","787.565735","3598.84326","52.5","787.255737","","24","base_unknown=0;follow_type=1;follow_unknown=24","2","base_unknown=0;follow_type=1;follow_unknown=24;path_count=2;decoded_path_count=2",""
"2026-06-30T00:32:34.3713264Z","IN",635,"FollowTarget","SimpleChar","79225E77","SimpleChar:79225E77","Malfunctioning Cleaning Robot","","","","","NpcPath","3609.96997","51.9249954","778.276611","3610.87671","52.5","778.273499","","24","base_unknown=0;follow_type=1;follow_unknown=24","2","base_unknown=0;follow_type=1;follow_unknown=24;path_count=2;decoded_path_count=2",""
"2026-06-30T00:32:34.6211562Z","IN",637,"FollowTarget","SimpleChar","79225E77","SimpleChar:79225E77","Malfunctioning Cleaning Robot","","","","","NpcPath","3609.96997","51.9249954","778.276611","3610.7002","52.5","778.012268","","24","base_unknown=0;follow_type=1;follow_unknown=24","2","base_unknown=0;follow_type=1;follow_unknown=24;path_count=2;decoded_path_count=2",""
"2026-06-30T00:32:34.6211562Z","IN",638,"FollowTarget","SimpleChar","79225E77","SimpleChar:79225E77","Malfunctioning Cleaning Robot","","","","","NpcPath","3609.96997","51.9249954","778.276611","3610.71094","51.9789543","778.077637","","24","base_unknown=0;follow_type=1;follow_unknown=24","2","base_unknown=0;follow_type=1;follow_unknown=24;path_count=2;decoded_path_count=2",""
"2026-06-30T00:32:34.8413380Z","IN",640,"FollowTarget","SimpleChar","79225E77","SimpleChar:79225E77","Malfunctioning Cleaning Robot","","","","","NpcPath","3609.96997","51.9249954","778.276611","3610.80786","52.5","778.230347","","24","base_unknown=0;follow_type=1;follow_unknown=24","2","base_unknown=0;follow_type=1;follow_unknown=24;path_count=2;decoded_path_count=2",""
"2026-06-30T00:32:34.8413380Z","IN",641,"FollowTarget","SimpleChar","79225E7C","SimpleChar:79225E7C","Malfunctioning Cleaning Robot","","","","","NpcPath","3620.1311","51.7449989","784.815125","3620.70728","52.5","784.065491","","24","base_unknown=0;follow_type=1;follow_unknown=24","2","base_unknown=0;follow_type=1;follow_unknown=24;path_count=2;decoded_path_count=2",""
"2026-06-30T00:32:35.2810655Z","IN",644,"FollowTarget","SimpleChar","79225E77","SimpleChar:79225E77","Malfunctioning Cleaning Robot","","","","","NpcPath","3609.96997","51.9249954","778.276611","3610.73975","52.5","777.850769","","24","base_unknown=0;follow_type=1;follow_unknown=24","2","base_unknown=0;follow_type=1;follow_unknown=24;path_count=2;decoded_path_count=2",""
"2026-06-30T00:32:35.2810655Z","IN",645,"FollowTarget","SimpleChar","79225E7C","SimpleChar:79225E7C","Malfunctioning Cleaning Robot","","","","","NpcPath","3620.1311","51.7449989","784.815125","3620.78711","52.5","784.211304","","24","base_unknown=0;follow_type=1;follow_unknown=24","2","base_unknown=0;follow_type=1;follow_unknown=24;path_count=2;decoded_path_count=2",""
"2026-06-30T00:32:35.2810655Z","IN",646,"FollowTarget","SimpleChar","79225E77","SimpleChar:79225E77","Malfunctioning Cleaning Robot","","","","","NpcPath","3609.96997","51.9249954","778.276611","3610.72314","52.5","778.11554","","24","base_unknown=0;follow_type=1;follow_unknown=24","2","base_unknown=0;follow_type=1;follow_unknown=24;path_count=2;decoded_path_count=2",""
"2026-06-30T00:32:35.2810655Z","IN",647,"FollowTarget","SimpleChar","79225E7C","SimpleChar:79225E7C","Malfunctioning Cleaning Robot","","","","","NpcPath","3620.1311","51.7449989","784.815125","3620.71045","52.5","783.921143","","24","base_unknown=0;follow_type=1;follow_unknown=24","2","base_unknown=0;follow_type=1;follow_unknown=24;path_count=2;decoded_path_count=2",""
"2026-06-30T00:32:35.5009960Z","IN",648,"FollowTarget","SimpleChar","79225E77","SimpleChar:79225E77","Malfunctioning Cleaning Robot","","","","","NpcPath","3609.96997","51.9249954","778.276611","3610.71094","51.9789543","778.077637","","24","base_unknown=0;follow_type=1;follow_unknown=24","2","base_unknown=0;follow_type=1;follow_unknown=24;path_count=2;decoded_path_count=2",""
"2026-06-30T00:32:35.7210623Z","IN",649,"FollowTarget","SimpleChar","79225E77","SimpleChar:79225E77","Malfunctioning Cleaning Robot","","","","","NpcPath","3609.96997","51.9249954","778.276611","3610.78052","52.5","777.795532","","24","base_unknown=0;follow_type=1;follow_unknown=24","2","base_unknown=0;follow_type=1;follow_unknown=24;path_count=2;decoded_path_count=2",""
"2026-06-30T00:32:35.7210623Z","IN",650,"FollowTarget","SimpleChar","79225E7C","SimpleChar:79225E7C","Malfunctioning Cleaning Robot","","","","","NpcPath","3620.16943","51.7449989","784.755371","3621.06128","52.5","784.29364","","24","base_unknown=0;follow_type=1;follow_unknown=24","2","base_unknown=0;follow_type=1;follow_unknown=24;path_count=2;decoded_path_count=2",""
"2026-06-30T00:32:35.9413871Z","IN",651,"FollowTarget","SimpleChar","79225E77","SimpleChar:79225E77","Malfunctioning Cleaning Robot","","","","","NpcPath","3609.96997","51.9249954","778.276611","3610.74512","52.5","778.15802","","24","base_unknown=0;follow_type=1;follow_unknown=24","2","base_unknown=0;follow_type=1;follow_unknown=24;path_count=2;decoded_path_count=2",""
"2026-06-30T00:32:35.9413871Z","IN",652,"FollowTarget","SimpleChar","79225E7C","SimpleChar:79225E7C","Malfunctioning Cleaning Robot","","","","","NpcPath","3620.17871","51.7449989","784.75061","3621.15381","52.5","784.257568","","24","base_unknown=0;follow_type=1;follow_unknown=24","2","base_unknown=0;follow_type=1;follow_unknown=24;path_count=2;decoded_path_count=2",""
"2026-06-30T00:32:36.1713103Z","IN",655,"FollowTarget","SimpleChar","79225E77","SimpleChar:79225E77","Malfunctioning Cleaning Robot","","","","","NpcPath","3609.96997","51.9249954","778.276611","3610.71094","51.9789543","778.077637","","24","base_unknown=0;follow_type=1;follow_unknown=24","2","base_unknown=0;follow_type=1;follow_unknown=24;path_count=2;decoded_path_count=2",""
"2026-06-30T00:32:36.3912407Z","IN",660,"FollowTarget","SimpleChar","79225E77","SimpleChar:79225E77","Malfunctioning Cleaning Robot","","","","","NpcPath","3609.96997","51.9249954","778.276611","3610.75488","52.5","777.827209","","24","base_unknown=0;follow_type=1;follow_unknown=24","2","base_unknown=0;follow_type=1;follow_unknown=24;path_count=2;decoded_path_count=2",""
"2026-06-30T00:32:36.3912407Z","IN",661,"FollowTarget","SimpleChar","79225E7C","SimpleChar:79225E7C","Malfunctioning Cleaning Robot","","","","","NpcPath","3620.26294","51.7449989","784.708008","3620.71118","52.5","784.081299","","24","base_unknown=0;follow_type=1;follow_unknown=24","2","base_unknown=0;follow_type=1;follow_unknown=24;path_count=2;decoded_path_count=2",""
"2026-06-30T00:32:36.6214436Z","IN",663,"FollowTarget","SimpleChar","79225E77","SimpleChar:79225E77","Malfunctioning Cleaning Robot","","","","","NpcPath","3609.96997","51.9249954","778.276611","3611.06519","52.5","778.292847","","24","base_unknown=0;follow_type=1;follow_unknown=24","2","base_unknown=0;follow_type=1;follow_unknown=24;path_count=2;decoded_path_count=2",""
"2026-06-30T00:32:36.6214436Z","IN",664,"FollowTarget","SimpleChar","79225E7C","SimpleChar:79225E7C","Malfunctioning Cleaning Robot","","","","","NpcPath","3620.26294","51.7449989","784.708008","3621.0564","52.5","784.294678","","24","base_unknown=0;follow_type=1;follow_unknown=24","2","base_unknown=0;follow_type=1;follow_unknown=24;path_count=2;decoded_path_count=2",""
"2026-06-30T00:32:36.8314548Z","IN",667,"FollowTarget","SimpleChar","79225E7C","SimpleChar:79225E7C","Malfunctioning Cleaning Robot","","","","","NpcPath","3620.26294","51.7449989","784.708008","3620.74731","52.5","784.16156","","24","base_unknown=0;follow_type=1;follow_unknown=24","2","base_unknown=0;follow_type=1;follow_unknown=24;path_count=2;decoded_path_count=2",""
"2026-06-30T00:32:37.0608527Z","IN",669,"FollowTarget","SimpleChar","79225E7C","SimpleChar:79225E7C","Malfunctioning Cleaning Robot","","","","","NpcPath","3620.26294","51.7449989","784.708008","3620.95166","52.5","784.296082","","24","base_unknown=0;follow_type=1;follow_unknown=24","2","base_unknown=0;follow_type=1;follow_unknown=24;path_count=2;decoded_path_count=2",""
"2026-06-30T00:32:37.2815329Z","IN",674,"FollowTarget","SimpleChar","79225E7C","SimpleChar:79225E7C","Malfunctioning Cleaning Robot","","","","","NpcPath","3620.26294","51.7449989","784.708008","3620.72949","52.5","783.870178","","24","base_unknown=0;follow_type=1;follow_unknown=24","2","base_unknown=0;follow_type=1;follow_unknown=24;path_count=2;decoded_path_count=2",""
"2026-06-30T00:32:37.7414600Z","IN",676,"FollowTarget","SimpleChar","79225E7C","SimpleChar:79225E7C","Malfunctioning Cleaning Robot","","","","","NpcPath","3620.26294","51.7449989","784.708008","3621.19238","52.5","784.230164","","24","base_unknown=0;follow_type=1;follow_unknown=24","2","base_unknown=0;follow_type=1;follow_unknown=24;path_count=2;decoded_path_count=2",""
"2026-06-30T00:32:39.5211204Z","IN",693,"FollowTarget","SimpleChar","79225E7D","SimpleChar:79225E7D","Malfunctioning Cleaning Robot","","","","","NpcPath","3599.79858","51.9249954","787.549133","3622.73022","52.5","798.868652","","24","base_unknown=0;follow_type=1;follow_unknown=24","2","base_unknown=0;follow_type=1;follow_unknown=24;path_count=2;decoded_path_count=2",""
"2026-06-30T00:32:40.5011132Z","IN",697,"FollowTarget","SimpleChar","79225E7C","SimpleChar:79225E7C","Malfunctioning Cleaning Robot","","","","","NpcPath","3620.31079","51.7449989","784.683411","3612.22534","52.5","788.19812","","24","base_unknown=0;follow_type=1;follow_unknown=24","2","base_unknown=0;follow_type=1;follow_unknown=24;path_count=2;decoded_path_count=2",""
"2026-06-30T00:32:40.5011132Z","IN",698,"FollowTarget","SimpleChar","79225E7A","SimpleChar:79225E7A","Malfunctioning Cleaning Robot","","","","","NpcPath","3597.68286","51.7449989","773.010254","3596.85742","52.5","772.263977","","24","base_unknown=0;follow_type=1;follow_unknown=24","2","base_unknown=0;follow_type=1;follow_unknown=24;path_count=2;decoded_path_count=2",""
"2026-06-30T00:32:40.6110795Z","IN",699,"FollowTarget","SimpleChar","79225E7A","SimpleChar:79225E7A","Malfunctioning Cleaning Robot","","","","","NpcPath","3597.5979","51.7449989","772.933289","3597.0022","52.5","772.299988","","24","base_unknown=0;follow_type=1;follow_unknown=24","2","base_unknown=0;follow_type=1;follow_unknown=24;path_count=2;decoded_path_count=2",""
"2026-06-30T00:32:40.8409380Z","IN",701,"FollowTarget","SimpleChar","79225E7A","SimpleChar:79225E7A","Malfunctioning Cleaning Robot","","","","","NpcPath","3597.5979","51.7449989","772.933289","3597.2998","52.5","772.010132","","24","base_unknown=0;follow_type=1;follow_unknown=24","2","base_unknown=0;follow_type=1;follow_unknown=24;path_count=2;decoded_path_count=2",""
"2026-06-30T00:32:41.0610489Z","IN",702,"FollowTarget","SimpleChar","79225E7A","SimpleChar:79225E7A","Malfunctioning Cleaning Robot","","","","","NpcPath","3597.5979","51.7449989","772.933289","3597.12109","52.5","772.274414","","24","base_unknown=0;follow_type=1;follow_unknown=24","2","base_unknown=0;follow_type=1;follow_unknown=24;path_count=2;decoded_path_count=2",""
"2026-06-30T00:32:41.4513488Z","IN",706,"FollowTarget","SimpleChar","79225E78","SimpleChar:79225E78","Malfunctioning Cleaning Robot","","","","","NpcPath","3594.80151","51.7449989","799.008301","3594.21289","52.5","799.788574","","24","base_unknown=0;follow_type=1;follow_unknown=24","2","base_unknown=0;follow_type=1;follow_unknown=24;path_count=2;decoded_path_count=2",""
"2026-06-30T00:32:41.4513488Z","IN",707,"FollowTarget","SimpleChar","79225E7A","SimpleChar:79225E7A","Malfunctioning Cleaning Robot","","","","","NpcPath","3597.5979","51.7449989","772.933289","3596.81738","52.5","772.238098","","24","base_unknown=0;follow_type=1;follow_unknown=24","2","base_unknown=0;follow_type=1;follow_unknown=24;path_count=2;decoded_path_count=2",""
"2026-06-30T00:32:41.7109047Z","IN",709,"FollowTarget","SimpleChar","79225E78","SimpleChar:79225E78","Malfunctioning Cleaning Robot","","","","","NpcPath","3594.80151","51.7449989","799.008301","3594.03247","52.5","799.701782","","24","base_unknown=0;follow_type=1;follow_unknown=24","2","base_unknown=0;follow_type=1;follow_unknown=24;path_count=2;decoded_path_count=2",""
"2026-06-30T00:32:41.7119044Z","IN",710,"FollowTarget","SimpleChar","79225E7A","SimpleChar:79225E7A","Malfunctioning Cleaning Robot","","","","","NpcPath","3597.56274","51.7449989","772.902283","3597.23633","52.5","772.184814","","24","base_unknown=0;follow_type=1;follow_unknown=24","2","base_unknown=0;follow_type=1;follow_unknown=24;path_count=2;decoded_path_count=2",""
"2026-06-30T00:32:41.7119044Z","IN",712,"FollowTarget","SimpleChar","79225E78","SimpleChar:79225E78","Malfunctioning Cleaning Robot","","","","","NpcPath","3594.76587","51.7449989","799.040344","3593.78101","52.5","799.795044","","24","base_unknown=0;follow_type=1;follow_unknown=24","2","base_unknown=0;follow_type=1;follow_unknown=24;path_count=2;decoded_path_count=2",""
"2026-06-30T00:32:41.7119044Z","IN",713,"FollowTarget","SimpleChar","79225E7A","SimpleChar:79225E7A","Malfunctioning Cleaning Robot","","","","","NpcPath","3597.56274","51.7449989","772.902283","3597.02417","52.5","772.299011","","24","base_unknown=0;follow_type=1;follow_unknown=24","2","base_unknown=0;follow_type=1;follow_unknown=24;path_count=2;decoded_path_count=2",""
"2026-06-30T00:32:41.9210005Z","IN",714,"FollowTarget","SimpleChar","79225E7A","SimpleChar:79225E7A","Malfunctioning Cleaning Robot","","","","","NpcPath","3597.56274","51.7449989","772.902283","3597.06787","52.5","772.292236","","24","base_unknown=0;follow_type=1;follow_unknown=24","2","base_unknown=0;follow_type=1;follow_unknown=24;path_count=2;decoded_path_count=2",""
"2026-06-30T00:32:42.1514302Z","IN",716,"FollowTarget","SimpleChar","79225E7A","SimpleChar:79225E7A","Malfunctioning Cleaning Robot","","","","","NpcPath","3597.56274","51.7449989","772.902283","3596.95508","52.5","772.296631","","24","base_unknown=0;follow_type=1;follow_unknown=24","2","base_unknown=0;follow_type=1;follow_unknown=24;path_count=2;decoded_path_count=2",""
"2026-06-30T00:32:42.6012406Z","IN",723,"FollowTarget","SimpleChar","79225E7A","SimpleChar:79225E7A","Malfunctioning Cleaning Robot","","","","","NpcPath","3597.56274","51.7449989","772.902283","3597.15479","52.5","772.256897","","24","base_unknown=0;follow_type=1;follow_unknown=24","2","base_unknown=0;follow_type=1;follow_unknown=24;path_count=2;decoded_path_count=2",""
"2026-06-30T00:32:42.6012406Z","IN",724,"FollowTarget","SimpleChar","79225E7A","SimpleChar:79225E7A","Malfunctioning Cleaning Robot","","","","","NpcPath","3597.56274","51.7449989","772.902283","3597.03394","52.5","772.298096","","24","base_unknown=0;follow_type=1;follow_unknown=24","2","base_unknown=0;follow_type=1;follow_unknown=24;path_count=2;decoded_path_count=2",""
"2026-06-30T00:32:42.8414144Z","IN",726,"FollowTarget","SimpleChar","79225E7A","SimpleChar:79225E7A","Malfunctioning Cleaning Robot","","","","","NpcPath","3597.56274","51.7449989","772.902283","3597.2356","52.5","772.185791","","24","base_unknown=0;follow_type=1;follow_unknown=24","2","base_unknown=0;follow_type=1;follow_unknown=24;path_count=2;decoded_path_count=2",""
"2026-06-30T00:32:43.0513274Z","IN",727,"FollowTarget","SimpleChar","79225E7A","SimpleChar:79225E7A","Malfunctioning Cleaning Robot","","","","","NpcPath","3597.56274","51.7449989","772.902283","3597.25","52.5","772.165771","","24","base_unknown=0;follow_type=1;follow_unknown=24","2","base_unknown=0;follow_type=1;follow_unknown=24;path_count=2;decoded_path_count=2",""
"2026-06-30T00:32:43.2808293Z","IN",731,"FollowTarget","SimpleChar","79225E7A","SimpleChar:79225E7A","Malfunctioning Cleaning Robot","","","","","NpcPath","3597.56274","51.7449989","772.902283","3597.28735","52.5","772.086243","","24","base_unknown=0;follow_type=1;follow_unknown=24","2","base_unknown=0;follow_type=1;follow_unknown=24;path_count=2;decoded_path_count=2",""
"2026-06-30T00:32:43.5109676Z","IN",732,"FollowTarget","SimpleChar","79225E7A","SimpleChar:79225E7A","Malfunctioning Cleaning Robot","","","","","NpcPath","3597.56274","51.7449989","772.902283","3597.1731","52.5","772.245056","","24","base_unknown=0;follow_type=1;follow_unknown=24","2","base_unknown=0;follow_type=1;follow_unknown=24;path_count=2;decoded_path_count=2",""
"2026-06-30T00:32:43.7208852Z","IN",733,"FollowTarget","SimpleChar","79225E7A","SimpleChar:79225E7A","Malfunctioning Cleaning Robot","","","","","NpcPath","3597.56274","51.7449989","772.902283","3597.2063","52.5","772.217834","","24","base_unknown=0;follow_type=1;follow_unknown=24","2","base_unknown=0;follow_type=1;follow_unknown=24;path_count=2;decoded_path_count=2",""
"2026-06-30T00:32:43.9512907Z","IN",734,"FollowTarget","SimpleChar","79225E7A","SimpleChar:79225E7A","Malfunctioning Cleaning Robot","","","","","NpcPath","3597.56274","51.7449989","772.902283","3597.00513","52.5","772.299988","","24","base_unknown=0;follow_type=1;follow_unknown=24","2","base_unknown=0;follow_type=1;follow_unknown=24;path_count=2;decoded_path_count=2",""
"2026-06-30T00:32:44.1714818Z","IN",735,"FollowTarget","SimpleChar","79225E7A","SimpleChar:79225E7A","Malfunctioning Cleaning Robot","","","","","NpcPath","3597.56274","51.7449989","772.902283","3597.28076","52.5","771.894287","","24","base_unknown=0;follow_type=1;follow_unknown=24","2","base_unknown=0;follow_type=1;follow_unknown=24;path_count=2;decoded_path_count=2",""
"2026-06-30T00:32:44.4012088Z","IN",738,"FollowTarget","SimpleChar","79225E7A","SimpleChar:79225E7A","Malfunctioning Cleaning Robot","","","","","NpcPath","3597.54883","51.7449989","772.852051","3596.97241","52.5","772.298706","","24","base_unknown=0;follow_type=1;follow_unknown=24","2","base_unknown=0;follow_type=1;follow_unknown=24;path_count=2;decoded_path_count=2",""
"2026-06-30T00:32:44.6318338Z","IN",739,"FollowTarget","SimpleChar","79225E7A","SimpleChar:79225E7A","Malfunctioning Cleaning Robot","","","","","NpcPath","3597.54883","51.7449989","772.852051","3597.29517","52.5","772.05365","","24","base_unknown=0;follow_type=1;follow_unknown=24","2","base_unknown=0;follow_type=1;follow_unknown=24;path_count=2;decoded_path_count=2",""
"2026-06-30T00:32:44.9412445Z","IN",741,"FollowTarget","SimpleChar","79225E7A","SimpleChar:79225E7A","Malfunctioning Cleaning Robot","","","","","NpcPath","3597.54883","51.7449989","772.852051","3596.80737","52.5","772.229919","","24","base_unknown=0;follow_type=1;follow_unknown=24","2","base_unknown=0;follow_type=1;follow_unknown=24;path_count=2;decoded_path_count=2",""
"2026-06-30T00:32:45.0909140Z","IN",743,"FollowTarget","SimpleChar","79225E7A","SimpleChar:79225E7A","Malfunctioning Cleaning Robot","","","","","NpcPath","3597.54883","51.7449989","772.852051","3597.27222","52.5","771.874023","","24","base_unknown=0;follow_type=1;follow_unknown=24","2","base_unknown=0;follow_type=1;follow_unknown=24;path_count=2;decoded_path_count=2",""
"2026-06-30T00:32:45.9311799Z","IN",751,"FollowTarget","SimpleChar","79225E7C","SimpleChar:79225E7C","Malfunctioning Cleaning Robot","","","","","NpcPath","3613.10864","52.1349983","787.814148","3612.26294","52.5","787.855652","","24","base_unknown=0;follow_type=1;follow_unknown=24","2","base_unknown=0;follow_type=1;follow_unknown=24;path_count=2;decoded_path_count=2",""
"2026-06-30T00:32:46.1411443Z","IN",752,"FollowTarget","SimpleChar","79225E7C","SimpleChar:79225E7C","Malfunctioning Cleaning Robot","","","","","NpcPath","3613.10864","52.1349983","787.814148","3612.02393","52.5","787.700928","","24","base_unknown=0;follow_type=1;follow_unknown=24","2","base_unknown=0;follow_type=1;follow_unknown=24;path_count=2;decoded_path_count=2",""
"2026-06-30T00:32:46.3614165Z","IN",755,"FollowTarget","SimpleChar","79225E77","SimpleChar:79225E77","Malfunctioning Cleaning Robot","","","","","NpcPath","3608.02637","53.2449989","801.701172","3621.00708","52.5","784.299927","","24","base_unknown=0;follow_type=1;follow_unknown=24","2","base_unknown=0;follow_type=1;follow_unknown=24;path_count=2;decoded_path_count=2",""
"2026-06-30T00:32:46.6014651Z","IN",757,"FollowTarget","SimpleChar","79225E7C","SimpleChar:79225E7C","Malfunctioning Cleaning Robot","","","","","NpcPath","3613.00684","52.1349983","787.803528","3612.15259","52.5","788.258301","","24","base_unknown=0;follow_type=1;follow_unknown=24","2","base_unknown=0;follow_type=1;follow_unknown=24;path_count=2;decoded_path_count=2",""
"2026-06-30T00:32:46.8213494Z","IN",758,"FollowTarget","SimpleChar","79225E7C","SimpleChar:79225E7C","Malfunctioning Cleaning Robot","","","","","NpcPath","3613.00684","52.1349983","787.803528","3612.22314","52.5","788.200439","","24","base_unknown=0;follow_type=1;follow_unknown=24","2","base_unknown=0;follow_type=1;follow_unknown=24;path_count=2;decoded_path_count=2",""
"2026-06-30T00:32:47.0308540Z","IN",760,"FollowTarget","SimpleChar","79225E7C","SimpleChar:79225E7C","Malfunctioning Cleaning Robot","","","","","NpcPath","3613.00684","52.1349983","787.803528","3612.05859","52.5","788.29425","","24","base_unknown=0;follow_type=1;follow_unknown=24","2","base_unknown=0;follow_type=1;follow_unknown=24;path_count=2;decoded_path_count=2",""
"2026-06-30T00:32:49.5312806Z","IN",780,"FollowTarget","SimpleChar","79225E7C","SimpleChar:79225E7C","Malfunctioning Cleaning Robot","","","","","NpcPath","3612.93481","52.1349983","787.84082","3611.29053","52.5","778.074585","","24","base_unknown=0;follow_type=1;follow_unknown=24","2","base_unknown=0;follow_type=1;follow_unknown=24;path_count=2;decoded_path_count=2",""
