"Hash","VendorHash","TerminalIdentity","Slot","LowId","HighId","Quality"
"AcA","ICCAccA","(VendingMachine:12E1D4B0)","0","36781","95520","129"
"AcA","ICCAccA","(VendingMachine:12E1D4B0)","1","36781","95520","134"
"AcA","ICCAccA","(VendingMachine:12E1D4B0)","2","36781","95520","156"
"AcA","ICCAccA","(VendingMachine:12E1D4B0)","3","36781","95520","177"
"AcA","ICCAccA","(VendingMachine:12E1D4B0)","4","95520","95520","200"
"AcA","ICCAccA","(VendingMachine:12E1D4B0)","5","70251","70251","200"
"AcA","ICCAccA","(VendingMachine:12E1D4B0)","6","83920","83919","127"
"AcA","ICCAccA","(VendingMachine:12E1D4B0)","7","83920","83919","136"
"AcA","ICCAccA","(VendingMachine:12E1D4B0)","8","83920","83919","156"
"AcA","ICCAccA","(VendingMachine:12E1D4B0)","9","83920","83919","183"
"AcA","ICCAccA","(VendingMachine:12E1D4B0)","10","83919","83919","200"
"AcA","ICCAccA","(VendingMachine:12E1D4B0)","11","36785","36784","111"
"AcA","ICCAccA","(VendingMachine:12E1D4B0)","12","36784","36787","149"
"AcA","ICCAccA","(VendingMachine:12E1D4B0)","13","36784","36787","154"
"AcA","ICCAccA","(VendingMachine:12E1D4B0)","14","36784","36787","175"
"AcA","ICCAccA","(VendingMachine:12E1D4B0)","15","36784","36787","195"
"AcA","ICCAccA","(VendingMachine:12E1D4B0)","16","84160","84159","116"
"AcA","ICCAccA","(VendingMachine:12E1D4B0)","17","84160","84159","136"
"AcA","ICCAccA","(VendingMachine:12E1D4B0)","18","84160","84159","151"
"AcA","ICCAccA","(VendingMachine:12E1D4B0)","19","84160","84159","174"
"AcA","ICCAccA","(VendingMachine:12E1D4B0)","20","84159","84159","200"
"AcA","ICCAccA","(VendingMachine:12E1D4B0)","21","95516","95517","118"
"AcA","ICCAccA","(VendingMachine:12E1D4B0)","22","95516","95517","130"
"AcA","ICCAccA","(VendingMachine:12E1D4B0)","23","95516","95517","162"
"AcA","ICCAccA","(VendingMachine:12E1D4B0)","24","95516","95517","170"
"AcA","ICCAccA","(VendingMachine:12E1D4B0)","25","95517","95517","200"
"AcA","ICCAccA","(VendingMachine:12E1D4B0)","26","158045","158046","114"
"AcA","ICCAccA","(VendingMachine:12E1D4B0)","27","158045","158046","132"
"AcA","ICCAccA","(VendingMachine:12E1D4B0)","28","158045","158046","151"
"AcA","ICCAccA","(VendingMachine:12E1D4B0)","29","158045","158046","173"
"AcA","ICCAccA","(VendingMachine:12E1D4B0)","30","158046","158046","200"
"AcA","ICCAccA","(VendingMachine:12E1D4B0)","31","70254","70251","129"
"AcA","ICCAccA","(VendingMachine:12E1D4B0)","32","70254","70251","137"
"AcA","ICCAccA","(VendingMachine:12E1D4B0)","33","70254","70251","150"
"AcA","ICCAccA","(VendingMachine:12E1D4B0)","34","70254","70251","173"
"AcA","ICCAccA","(VendingMachine:12E1D4B0)","35","70253","70252","119"
"AcA","ICCAccA","(VendingMachine:12E1D4B0)","36","70253","70252","140"
"AcA","ICCAccA","(VendingMachine:12E1D4B0)","37","70253","70252","169"
"AcA","ICCAccA","(VendingMachine:12E1D4B0)","38","70253","70252","182"
"AcA","ICCAccA","(VendingMachine:12E1D4B0)","39","85907","85908","120"
"AcA","ICCAccA","(VendingMachine:12E1D4B0)","40","85907","85908","148"
"AcA","ICCAccA","(VendingMachine:12E1D4B0)","41","85907","85908","151"
"AcA","ICCAccA","(VendingMachine:12E1D4B0)","42","85907","85908","185"
"AcA","ICCAccA","(VendingMachine:12E1D4B0)","43","85908","85908","200"
"AcA","ICCAccA","(VendingMachine:12E1D4B0)","44","129650","129651","148"
"AcA","ICCAccA","(VendingMachine:12E1D4B0)","45","121305","121304","120"
"AcA","ICCAccA","(VendingMachine:12E1D4B0)","46","121305","121304","131"
"AcA","ICCAccA","(VendingMachine:12E1D4B0)","47","121305","121304","155"
"AcA","ICCAccA","(VendingMachine:12E1D4B0)","48","121305","121304","189"
"AcA","ICCAccA","(VendingMachine:12E1D4B0)","49","121304","121304","200"
"AcA","ICCAccA","(VendingMachine:12E1D4B0)","50","121306","121307","118"
"AcA","ICCAccA","(VendingMachine:12E1D4B0)","51","121306","121307","144"
"AcA","ICCAccA","(VendingMachine:12E1D4B0)","52","121306","121307","153"
"AcA","ICCAccA","(VendingMachine:12E1D4B0)","53","121306","121307","181"
"AcA","ICCAccA","(VendingMachine:12E1D4B0)","54","121307","121307","200"
"AcA","ICCAccA","(VendingMachine:12E1D4B0)","55","121309","121308","110"
"AcA","ICCAccA","(VendingMachine:12E1D4B0)","56","121309","121308","130"
"AcA","ICCAccA","(VendingMachine:12E1D4B0)","57","121309","121308","159"
"AcA","ICCAccA","(VendingMachine:12E1D4B0)","58","121309","121308","184"
"AcA","ICCAccA","(VendingMachine:12E1D4B0)","59","121308","121308","200"
"AcA","ICCAccA","(VendingMachine:12E1D4B0)","60","252157","252157","1"
"AcA","ICCAccA","(VendingMachine:12E1D4B0)","61","95514","95515","122"
"AcA","ICCAccA","(VendingMachine:12E1D4B0)","62","95514","95515","138"
"AcA","ICCAccA","(VendingMachine:12E1D4B0)","63","95514","95515","160"
"AcA","ICCAccA","(VendingMachine:12E1D4B0)","64","95514","95515","187"
"AcA","ICCAccA","(VendingMachine:12E1D4B0)","65","95514","95515","195"
"AcA","ICCAccA","(VendingMachine:12E1D4B0)","66","95518","95519","111"
"AcA","ICCAccA","(VendingMachine:12E1D4B0)","67","95518","95519","130"
"AcA","ICCAccA","(VendingMachine:12E1D4B0)","68","95518","95519","150"
"AcA","ICCAccA","(VendingMachine:12E1D4B0)","69","95518","95519","171"
"AcA","ICCAccA","(VendingMachine:12E1D4B0)","70","95519","95519","200"
"AcA","ICCAccA","(VendingMachine:12E1D4B0)","71","158762","158762","1"
"AcA","ICCAccA","(VendingMachine:12E1D4B0)","72","29738","29738","1"
"AcA","ICCAccA","(VendingMachine:12E1D4B0)","73","129646","129647","110"
"AcA","ICCAccA","(VendingMachine:12E1D4B0)","74","129652","129653","164"
"AcA","ICCAccA","(VendingMachine:12E1D4B0)","75","129652","129653","170"
"AcA","ICCAccA","(VendingMachine:12E1D4B0)","76","70252","70252","200"
"AcA","ICCAccA","(VendingMachine:12E1D4B0)","77","159196","159197","113"
"AcA","ICCAccA","(VendingMachine:12E1D4B0)","78","159196","159197","140"
"AcA","ICCAccA","(VendingMachine:12E1D4B0)","79","159196","159197","162"
"AcA","ICCAccA","(VendingMachine:12E1D4B0)","80","159196","159197","173"
"AcA","ICCAccA","(VendingMachine:12E1D4B0)","81","159196","159197","205"
"AcA","ICCAccA","(VendingMachine:12E1D4B0)","82","129656","129656","200"
"AcA","ICCAccA","(VendingMachine:12E1D4B0)","83","238920","238921","161"
"AcA","ICCAccA","(VendingMachine:12E1D4B0)","84","238920","238921","188"
"AcA","ICCAccA","(VendingMachine:12E1D4B0)","85","238920","238921","195"
"AcB","ICCAccB","(VendingMachine:12E1D4AF)","0","36780","36781","53"
"AcB","ICCAccB","(VendingMachine:12E1D4AF)","1","36780","36781","75"
"AcB","ICCAccB","(VendingMachine:12E1D4AF)","2","36780","36781","107"
"AcB","ICCAccB","(VendingMachine:12E1D4AF)","3","36779","36778","2"
"AcB","ICCAccB","(VendingMachine:12E1D4AF)","4","36779","36778","12"
"AcB","ICCAccB","(VendingMachine:12E1D4AF)","5","36786","36780","48"
"AcB","ICCAccB","(VendingMachine:12E1D4AF)","6","83920","83919","2"
"AcB","ICCAccB","(VendingMachine:12E1D4AF)","7","83920","83919","15"
"AcB","ICCAccB","(VendingMachine:12E1D4AF)","8","83920","83919","49"
"AcB","ICCAccB","(VendingMachine:12E1D4AF)","9","83920","83919","50"
"AcB","ICCAccB","(VendingMachine:12E1D4AF)","10","83920","83919","88"
"AcB","ICCAccB","(VendingMachine:12E1D4AF)","11","83920","83919","101"
"AcB","ICCAccB","(VendingMachine:12E1D4AF)","12","36777","36785","56"
"AcB","ICCAccB","(VendingMachine:12E1D4AF)","13","36785","36784","87"
"AcB","ICCAccB","(VendingMachine:12E1D4AF)","14","36785","36784","108"
"AcB","ICCAccB","(VendingMachine:12E1D4AF)","15","36783","36783","1"
"AcB","ICCAccB","(VendingMachine:12E1D4AF)","16","36782","36777","21"
"AcB","ICCAccB","(VendingMachine:12E1D4AF)","17","36782","36777","33"
"AcB","ICCAccB","(VendingMachine:12E1D4AF)","18","84160","84159","41"
"AcB","ICCAccB","(VendingMachine:12E1D4AF)","19","84160","84159","68"
"AcB","ICCAccB","(VendingMachine:12E1D4AF)","20","84160","84159","80"
"AcB","ICCAccB","(VendingMachine:12E1D4AF)","21","84160","84159","93"
"AcB","ICCAccB","(VendingMachine:12E1D4AF)","22","95516","95517","66"
"AcB","ICCAccB","(VendingMachine:12E1D4AF)","23","95516","95517","89"
"AcB","ICCAccB","(VendingMachine:12E1D4AF)","24","95516","95517","98"
"AcB","ICCAccB","(VendingMachine:12E1D4AF)","25","158045","158046","6"
"AcB","ICCAccB","(VendingMachine:12E1D4AF)","26","158045","158046","18"
"AcB","ICCAccB","(VendingMachine:12E1D4AF)","27","158045","158046","37"
"AcB","ICCAccB","(VendingMachine:12E1D4AF)","28","158045","158046","51"
"AcB","ICCAccB","(VendingMachine:12E1D4AF)","29","158045","158046","76"
"AcB","ICCAccB","(VendingMachine:12E1D4AF)","30","158045","158046","94"
"AcB","ICCAccB","(VendingMachine:12E1D4AF)","31","70254","70251","23"
"AcB","ICCAccB","(VendingMachine:12E1D4AF)","32","70254","70251","32"
"AcB","ICCAccB","(VendingMachine:12E1D4AF)","33","70254","70251","65"
"AcB","ICCAccB","(VendingMachine:12E1D4AF)","34","70254","70251","79"
"AcB","ICCAccB","(VendingMachine:12E1D4AF)","35","70254","70251","91"
"AcB","ICCAccB","(VendingMachine:12E1D4AF)","36","70253","70252","22"
"AcB","ICCAccB","(VendingMachine:12E1D4AF)","37","70253","70252","37"
"AcB","ICCAccB","(VendingMachine:12E1D4AF)","38","70253","70252","66"
"AcB","ICCAccB","(VendingMachine:12E1D4AF)","39","70253","70252","79"
"AcB","ICCAccB","(VendingMachine:12E1D4AF)","40","70253","70252","105"
"AcB","ICCAccB","(VendingMachine:12E1D4AF)","41","85907","85908","29"
"AcB","ICCAccB","(VendingMachine:12E1D4AF)","42","85907","85908","47"
"AcB","ICCAccB","(VendingMachine:12E1D4AF)","43","85907","85908","53"
"AcB","ICCAccB","(VendingMachine:12E1D4AF)","44","85907","85908","74"
"AcB","ICCAccB","(VendingMachine:12E1D4AF)","45","85907","85908","92"
"AcB","ICCAccB","(VendingMachine:12E1D4AF)","46","121305","121304","7"
"AcB","ICCAccB","(VendingMachine:12E1D4AF)","47","121305","121304","12"
"AcB","ICCAccB","(VendingMachine:12E1D4AF)","48","121305","121304","45"
"AcB","ICCAccB","(VendingMachine:12E1D4AF)","49","121305","121304","69"
"AcB","ICCAccB","(VendingMachine:12E1D4AF)","50","121305","121304","84"
"AcB","ICCAccB","(VendingMachine:12E1D4AF)","51","121305","121304","94"
"AcB","ICCAccB","(VendingMachine:12E1D4AF)","52","121306","121307","2"
"AcB","ICCAccB","(VendingMachine:12E1D4AF)","53","121306","121307","28"
"AcB","ICCAccB","(VendingMachine:12E1D4AF)","54","121306","121307","33"
"AcB","ICCAccB","(VendingMachine:12E1D4AF)","55","121306","121307","58"
"AcB","ICCAccB","(VendingMachine:12E1D4AF)","56","121306","121307","72"
"AcB","ICCAccB","(VendingMachine:12E1D4AF)","57","121306","121307","102"
"AcB","ICCAccB","(VendingMachine:12E1D4AF)","58","121309","121309","1"
"AcB","ICCAccB","(VendingMachine:12E1D4AF)","59","121309","121308","25"
"AcB","ICCAccB","(VendingMachine:12E1D4AF)","60","121309","121308","45"
"AcB","ICCAccB","(VendingMachine:12E1D4AF)","61","121309","121308","63"
"AcB","ICCAccB","(VendingMachine:12E1D4AF)","62","121309","121308","77"
"AcB","ICCAccB","(VendingMachine:12E1D4AF)","63","121309","121308","100"
"AcB","ICCAccB","(VendingMachine:12E1D4AF)","64","129640","129641","22"
"AcB","ICCAccB","(VendingMachine:12E1D4AF)","65","129640","129641","30"
"AcB","ICCAccB","(VendingMachine:12E1D4AF)","66","252157","252157","1"
"AcB","ICCAccB","(VendingMachine:12E1D4AF)","67","95514","95515","25"
"AcB","ICCAccB","(VendingMachine:12E1D4AF)","68","95514","95515","32"
"AcB","ICCAccB","(VendingMachine:12E1D4AF)","69","95514","95515","56"
"AcB","ICCAccB","(VendingMachine:12E1D4AF)","70","95514","95515","79"
"AcB","ICCAccB","(VendingMachine:12E1D4AF)","71","95514","95515","106"
"AcB","ICCAccB","(VendingMachine:12E1D4AF)","72","95518","95518","20"
"AcB","ICCAccB","(VendingMachine:12E1D4AF)","73","95518","95519","45"
"AcB","ICCAccB","(VendingMachine:12E1D4AF)","74","95518","95519","57"
"AcB","ICCAccB","(VendingMachine:12E1D4AF)","75","95518","95519","86"
"AcB","ICCAccB","(VendingMachine:12E1D4AF)","76","95518","95519","109"
"AcB","ICCAccB","(VendingMachine:12E1D4AF)","77","158762","158762","1"
"AcB","ICCAccB","(VendingMachine:12E1D4AF)","78","29738","29738","1"
"AcB","ICCAccB","(VendingMachine:12E1D4AF)","79","129638","129638","1"
"AcB","ICCAccB","(VendingMachine:12E1D4AF)","80","129646","129647","105"
"AcB","ICCAccB","(VendingMachine:12E1D4AF)","81","159196","159197","6"
"AcB","ICCAccB","(VendingMachine:12E1D4AF)","82","159196","159197","29"
"AcB","ICCAccB","(VendingMachine:12E1D4AF)","83","159196","159197","33"
"AcB","ICCAccB","(VendingMachine:12E1D4AF)","84","159196","159197","58"
"AcB","ICCAccB","(VendingMachine:12E1D4AF)","85","159196","159197","84"
"AcB","ICCAccB","(VendingMachine:12E1D4AF)","86","159196","159197","107"
"AcB","ICCAccB","(VendingMachine:12E1D4AF)","87","129644","129645","76"
"AcB","ICCAccB","(VendingMachine:12E1D4AF)","88","129642","129643","58"
"AcS","ICCAccS","(VendingMachine:12E1D4B1)","0","95520","95520","200"
"AcS","ICCAccS","(VendingMachine:12E1D4B1)","1","70251","70251","200"
"AcS","ICCAccS","(VendingMachine:12E1D4B1)","2","83919","83919","200"
"AcS","ICCAccS","(VendingMachine:12E1D4B1)","3","36787","36787","200"
"AcS","ICCAccS","(VendingMachine:12E1D4B1)","4","84159","84159","200"
"AcS","ICCAccS","(VendingMachine:12E1D4B1)","5","95517","95517","200"
"AcS","ICCAccS","(VendingMachine:12E1D4B1)","6","158046","158046","200"
"AcS","ICCAccS","(VendingMachine:12E1D4B1)","7","85908","85908","200"
"AcS","ICCAccS","(VendingMachine:12E1D4B1)","8","121304","121304","200"
"AcS","ICCAccS","(VendingMachine:12E1D4B1)","9","121307","121307","200"
"AcS","ICCAccS","(VendingMachine:12E1D4B1)","10","121308","121308","200"
"AcS","ICCAccS","(VendingMachine:12E1D4B1)","11","252157","252157","1"
"AcS","ICCAccS","(VendingMachine:12E1D4B1)","12","95515","95515","200"
"AcS","ICCAccS","(VendingMachine:12E1D4B1)","13","95519","95519","200"
"AcS","ICCAccS","(VendingMachine:12E1D4B1)","14","158762","158762","1"
"AcS","ICCAccS","(VendingMachine:12E1D4B1)","15","29738","29738","1"
"AcS","ICCAccS","(VendingMachine:12E1D4B1)","16","70252","70252","200"
"AcS","ICCAccS","(VendingMachine:12E1D4B1)","17","159196","159197","218"
"AcS","ICCAccS","(VendingMachine:12E1D4B1)","18","159196","159197","247"
"AcS","ICCAccS","(VendingMachine:12E1D4B1)","19","159196","159197","253"
"AcS","ICCAccS","(VendingMachine:12E1D4B1)","20","159196","159197","284"
"AcS","ICCAccS","(VendingMachine:12E1D4B1)","21","159196","159197","291"
"AcS","ICCAccS","(VendingMachine:12E1D4B1)","22","159196","159197","300"
"AcS","ICCAccS","(VendingMachine:12E1D4B1)","23","129656","129656","200"
"AcS","ICCAccS","(VendingMachine:12E1D4B1)","24","238920","238921","213"
"AcS","ICCAccS","(VendingMachine:12E1D4B1)","25","238920","238921","237"
"AcS","ICCAccS","(VendingMachine:12E1D4B1)","26","238921","238921","240"
"WpA","ICCWepA","(VendingMachine:12E1D4B6)","0","271876","271877","153"
"WpA","ICCWepA","(VendingMachine:12E1D4B6)","1","271876","271877","182"
"WpA","ICCWepA","(VendingMachine:12E1D4B6)","2","271493","271494","149"
"WpA","ICCWepA","(VendingMachine:12E1D4B6)","3","271493","271494","161"
"WpA","ICCWepA","(VendingMachine:12E1D4B6)","4","271215","271216","169"
"WpA","ICCWepA","(VendingMachine:12E1D4B6)","5","271749","271750","145"
"WpA","ICCWepA","(VendingMachine:12E1D4B6)","6","271749","271750","170"
"WpA","ICCWepA","(VendingMachine:12E1D4B6)","7","271469","271470","132"
"WpA","ICCWepA","(VendingMachine:12E1D4B6)","8","271477","271478","180"
"WpA","ICCWepA","(VendingMachine:12E1D4B6)","9","271084","271085","122"
"WpA","ICCWepA","(VendingMachine:12E1D4B6)","10","271354","271355","167"
"WpA","ICCWepA","(VendingMachine:12E1D4B6)","11","271354","271355","172"
"WpA","ICCWepA","(VendingMachine:12E1D4B6)","12","271205","271206","113"
"WpA","ICCWepA","(VendingMachine:12E1D4B6)","13","271205","271206","190"
"WpA","ICCWepA","(VendingMachine:12E1D4B6)","14","271115","271116","182"
"WpA","ICCWepA","(VendingMachine:12E1D4B6)","15","271115","271116","206"
"WpA","ICCWepA","(VendingMachine:12E1D4B6)","16","271437","271438","135"
"WpA","ICCWepA","(VendingMachine:12E1D4B6)","17","271437","271438","159"
"WpA","ICCWepA","(VendingMachine:12E1D4B6)","18","271437","271438","162"
"WpA","ICCWepA","(VendingMachine:12E1D4B6)","19","271437","271438","206"
"WpA","ICCWepA","(VendingMachine:12E1D4B6)","20","271725","271726","118"
"WpA","ICCWepA","(VendingMachine:12E1D4B6)","21","271165","271166","133"
"WpA","ICCWepA","(VendingMachine:12E1D4B6)","22","271165","271166","175"
"WpA","ICCWepA","(VendingMachine:12E1D4B6)","23","271225","271226","126"
"WpA","ICCWepA","(VendingMachine:12E1D4B6)","24","271225","271226","178"
"WpA","ICCWepA","(VendingMachine:12E1D4B6)","25","271461","271462","111"
"WpA","ICCWepA","(VendingMachine:12E1D4B6)","26","271461","271462","207"
"WpA","ICCWepA","(VendingMachine:12E1D4B6)","27","271981","271982","111"
"WpA","ICCWepA","(VendingMachine:12E1D4B6)","28","271419","271420","119"
"WpA","ICCWepA","(VendingMachine:12E1D4B6)","29","271419","271420","126"
"WpA","ICCWepA","(VendingMachine:12E1D4B6)","30","271419","271420","132"
"WpA","ICCWepA","(VendingMachine:12E1D4B6)","31","271419","271420","141"
"WpA","ICCWepA","(VendingMachine:12E1D4B6)","32","271419","271420","158"
"WpA","ICCWepA","(VendingMachine:12E1D4B6)","33","271419","271420","161"
"WpA","ICCWepA","(VendingMachine:12E1D4B6)","34","271419","271420","178"
"WpA","ICCWepA","(VendingMachine:12E1D4B6)","35","271419","271420","185"
"WpA","ICCWepA","(VendingMachine:12E1D4B6)","36","271419","271420","191"
"WpA","ICCWepA","(VendingMachine:12E1D4B6)","37","271419","271420","207"
"WpA","ICCWepA","(VendingMachine:12E1D4B6)","38","272033","272034","187"
"WpA","ICCWepA","(VendingMachine:12E1D4B6)","39","272023","272024","134"
"WpA","ICCWepA","(VendingMachine:12E1D4B6)","40","272023","272024","161"
"WpA","ICCWepA","(VendingMachine:12E1D4B6)","41","271541","271542","116"
"WpA","ICCWepA","(VendingMachine:12E1D4B6)","42","272176","272177","159"
"WpA","ICCWepA","(VendingMachine:12E1D4B6)","43","271939","271940","129"
"WpA","ICCWepA","(VendingMachine:12E1D4B6)","44","271868","271869","115"
"WpA","ICCWepA","(VendingMachine:12E1D4B6)","45","271868","271869","132"
"WpA","ICCWepA","(VendingMachine:12E1D4B6)","46","271868","271869","169"
"WpA","ICCWepA","(VendingMachine:12E1D4B6)","47","272166","272167","157"
"WpA","ICCWepA","(VendingMachine:12E1D4B6)","48","271485","271486","197"
"WpA","ICCWepA","(VendingMachine:12E1D4B6)","49","271175","271176","190"
"WpA","ICCWepA","(VendingMachine:12E1D4B6)","50","271851","271852","178"
"WpA","ICCWepA","(VendingMachine:12E1D4B6)","51","271125","271126","119"
"WpA","ICCWepA","(VendingMachine:12E1D4B6)","52","271245","271246","142"
"WpA","ICCWepA","(VendingMachine:12E1D4B6)","53","272116","272117","115"
"WpA","ICCWepA","(VendingMachine:12E1D4B6)","54","272116","272117","197"
"WpA","ICCWepA","(VendingMachine:12E1D4B6)","55","271826","271827","139"
"WpA","ICCWepA","(VendingMachine:12E1D4B6)","56","271597","271598","169"
"WpA","ICCWepA","(VendingMachine:12E1D4B6)","57","271565","271566","204"
"WpA","ICCWepA","(VendingMachine:12E1D4B6)","58","271429","271430","194"
"WpA","ICCWepA","(VendingMachine:12E1D4B6)","59","271533","271534","142"
"WpA","ICCWepA","(VendingMachine:12E1D4B6)","60","271533","271534","171"
"WpA","ICCWepA","(VendingMachine:12E1D4B6)","61","271533","271534","192"
"WpA","ICCWepA","(VendingMachine:12E1D4B6)","62","271321","271322","164"
"WpA","ICCWepA","(VendingMachine:12E1D4B6)","63","271255","271256","151"
"WpA","ICCWepA","(VendingMachine:12E1D4B6)","64","271255","271256","203"
"WpA","ICCWepA","(VendingMachine:12E1D4B6)","65","271947","271948","113"
"WpA","ICCWepA","(VendingMachine:12E1D4B6)","66","271947","271948","135"
"WpA","ICCWepA","(VendingMachine:12E1D4B6)","67","272136","272137","165"
"WpA","ICCWepA","(VendingMachine:12E1D4B6)","68","272216","272217","139"
"WpA","ICCWepA","(VendingMachine:12E1D4B6)","69","271501","271502","125"
"WpA","ICCWepA","(VendingMachine:12E1D4B6)","70","271501","271502","178"
"WpA","ICCWepA","(VendingMachine:12E1D4B6)","71","272206","272207","123"
"WpA","ICCWepA","(VendingMachine:12E1D4B6)","72","271034","271035","148"
"WpA","ICCWepA","(VendingMachine:12E1D4B6)","73","271931","271932","147"
"WpA","ICCWepA","(VendingMachine:12E1D4B6)","74","271931","271932","152"
"WpA","ICCWepA","(VendingMachine:12E1D4B6)","75","271931","271932","200"
"WpA","ICCWepA","(VendingMachine:12E1D4B6)","76","271719","271720","192"
"WpA","ICCWepA","(VendingMachine:12E1D4B6)","77","271719","271720","206"
"WpA","ICCWepA","(VendingMachine:12E1D4B6)","78","271733","271734","122"
"WpA","ICCWepA","(VendingMachine:12E1D4B6)","79","271733","271734","180"
"WpA","ICCWepA","(VendingMachine:12E1D4B6)","80","271054","271055","110"
"WpA","ICCWepA","(VendingMachine:12E1D4B6)","81","271054","271055","134"
"WpA","ICCWepA","(VendingMachine:12E1D4B6)","82","271842","271843","163"
"WpA","ICCWepA","(VendingMachine:12E1D4B6)","83","271145","271146","166"
"WpA","ICCWepA","(VendingMachine:12E1D4B6)","84","271044","271045","114"
"WpA","ICCWepA","(VendingMachine:12E1D4B6)","85","271044","271045","124"
"WpA","ICCWepA","(VendingMachine:12E1D4B6)","86","271044","271045","133"
"WpA","ICCWepA","(VendingMachine:12E1D4B6)","87","271044","271045","143"
"WpA","ICCWepA","(VendingMachine:12E1D4B6)","88","271044","271045","158"
"WpA","ICCWepA","(VendingMachine:12E1D4B6)","89","271044","271045","167"
"WpA","ICCWepA","(VendingMachine:12E1D4B6)","90","271044","271045","177"
"WpA","ICCWepA","(VendingMachine:12E1D4B6)","91","271044","271045","186"
"WpA","ICCWepA","(VendingMachine:12E1D4B6)","92","271044","271045","191"
"WpA","ICCWepA","(VendingMachine:12E1D4B6)","93","271044","271045","204"
"WpA","ICCWepA","(VendingMachine:12E1D4B6)","94","271104","271105","165"
"WpA","ICCWepA","(VendingMachine:12E1D4B6)","95","271104","271105","187"
"WpA","ICCWepA","(VendingMachine:12E1D4B6)","96","271104","271105","196"
"WpA","ICCWepA","(VendingMachine:12E1D4B6)","97","271403","271404","150"
"WpA","ICCWepA","(VendingMachine:12E1D4B6)","98","271403","271404","192"
"WpA","ICCWepA","(VendingMachine:12E1D4B6)","99","271403","271404","203"
"WpA","ICCWepA","(VendingMachine:12E1D4B6)","100","271331","271332","112"
"WpA","ICCWepA","(VendingMachine:12E1D4B6)","101","271331","271332","172"
"WpA","ICCWepA","(VendingMachine:12E1D4B6)","102","271331","271332","188"
"WpA","ICCWepA","(VendingMachine:12E1D4B6)","103","271387","271388","110"
"WpA","ICCWepA","(VendingMachine:12E1D4B6)","104","271387","271388","123"
"WpA","ICCWepA","(VendingMachine:12E1D4B6)","105","271387","271388","135"
"WpA","ICCWepA","(VendingMachine:12E1D4B6)","106","271653","271654","156"
"WpA","ICCWepA","(VendingMachine:12E1D4B6)","107","271453","271454","111"
"WpA","ICCWepA","(VendingMachine:12E1D4B6)","108","271445","271446","121"
"WpA","ICCWepA","(VendingMachine:12E1D4B6)","109","271445","271446","147"
"WpA","ICCWepA","(VendingMachine:12E1D4B6)","110","271445","271446","176"
"WpA","ICCWepA","(VendingMachine:12E1D4B6)","111","271445","271446","181"
"WpA","ICCWepA","(VendingMachine:12E1D4B6)","112","271155","271156","121"
"WpA","ICCWepA","(VendingMachine:12E1D4B6)","113","271155","271156","148"
"WpA","ICCWepA","(VendingMachine:12E1D4B6)","114","271155","271156","151"
"WpA","ICCWepA","(VendingMachine:12E1D4B6)","115","271629","271630","130"
"WpA","ICCWepA","(VendingMachine:12E1D4B6)","116","271629","271630","183"
"WpA","ICCWepA","(VendingMachine:12E1D4B6)","117","271637","271638","121"
"WpA","ICCWepA","(VendingMachine:12E1D4B6)","118","272126","272127","205"
"WpA","ICCWepA","(VendingMachine:12E1D4B6)","119","271288","271289","125"
"WpA","ICCWepA","(VendingMachine:12E1D4B6)","120","271288","271289","131"
"WpA","ICCWepA","(VendingMachine:12E1D4B6)","121","271288","271289","151"
"WpA","ICCWepA","(VendingMachine:12E1D4B6)","122","271288","271289","195"
"WpA","ICCWepA","(VendingMachine:12E1D4B6)","123","271288","271289","200"
"WpA","ICCWepA","(VendingMachine:12E1D4B6)","124","271395","271396","143"
"WpA","ICCWepA","(VendingMachine:12E1D4B6)","125","272013","272014","120"
"WpA","ICCWepA","(VendingMachine:12E1D4B6)","126","272013","272014","141"
"WpA","ICCWepA","(VendingMachine:12E1D4B6)","127","272013","272014","178"
"WpA","ICCWepA","(VendingMachine:12E1D4B6)","128","272013","272014","203"
"WpA","ICCWepA","(VendingMachine:12E1D4B6)","129","271923","271924","177"
"WpA","ICCWepA","(VendingMachine:12E1D4B6)","130","271311","271312","140"
"WpA","ICCWepA","(VendingMachine:12E1D4B6)","131","271024","271025","150"
"WpA","ICCWepA","(VendingMachine:12E1D4B6)","132","271024","271025","176"
"WpA","ICCWepA","(VendingMachine:12E1D4B6)","133","272003","272004","151"
"WpA","ICCWepA","(VendingMachine:12E1D4B6)","134","272003","272004","192"
"WpA","ICCWepA","(VendingMachine:12E1D4B6)","135","271411","271412","186"
"WpA","ICCWepA","(VendingMachine:12E1D4B6)","136","271915","271916","164"
"WpA","ICCWepA","(VendingMachine:12E1D4B6)","137","271915","271916","190"
"WpA","ICCWepA","(VendingMachine:12E1D4B6)","138","271265","271266","188"
"WpA","ICCWepA","(VendingMachine:12E1D4B6)","139","272236","272237","179"
"WpA","ICCWepA","(VendingMachine:12E1D4B6)","140","271094","271095","206"
"WpA","ICCWepA","(VendingMachine:12E1D4B6)","141","271834","271835","155"
"WpA","ICCWepA","(VendingMachine:12E1D4B6)","142","271860","271861","129"
"WpA","ICCWepA","(VendingMachine:12E1D4B6)","143","271860","271861","144"
"WpA","ICCWepA","(VendingMachine:12E1D4B6)","144","271860","271861","193"
"WpA","ICCWepA","(VendingMachine:12E1D4B6)","145","271860","271861","203"
"WpA","ICCWepA","(VendingMachine:12E1D4B6)","146","271235","271236","133"
"WpA","ICCWepA","(VendingMachine:12E1D4B6)","147","271661","271662","181"
"WpA","ICCWepA","(VendingMachine:12E1D4B6)","148","272186","272187","141"
"WpA","ICCWepA","(VendingMachine:12E1D4B6)","149","272186","272187","180"
"WpB","ICCWepB","(VendingMachine:12E1D4B5)","0","271074","271075","43"
"WpB","ICCWepB","(VendingMachine:12E1D4B5)","1","271074","271075","70"
"WpB","ICCWepB","(VendingMachine:12E1D4B5)","2","271573","271574","25"
"WpB","ICCWepB","(VendingMachine:12E1D4B5)","3","271876","271877","7"
"WpB","ICCWepB","(VendingMachine:12E1D4B5)","4","271876","271877","41"
"WpB","ICCWepB","(VendingMachine:12E1D4B5)","5","271876","271877","51"
"WpB","ICCWepB","(VendingMachine:12E1D4B5)","6","271876","271877","97"
"WpB","ICCWepB","(VendingMachine:12E1D4B5)","7","271493","271494","35"
"WpB","ICCWepB","(VendingMachine:12E1D4B5)","8","271493","271494","81"
"WpB","ICCWepB","(VendingMachine:12E1D4B5)","9","271215","271215","1"
"WpB","ICCWepB","(VendingMachine:12E1D4B5)","10","271215","271216","77"
"WpB","ICCWepB","(VendingMachine:12E1D4B5)","11","271215","271216","84"
"WpB","ICCWepB","(VendingMachine:12E1D4B5)","12","271469","271470","17"
"WpB","ICCWepB","(VendingMachine:12E1D4B5)","13","271477","271478","79"
"WpB","ICCWepB","(VendingMachine:12E1D4B5)","14","271549","271550","57"
"WpB","ICCWepB","(VendingMachine:12E1D4B5)","15","271549","271550","75"
"WpB","ICCWepB","(VendingMachine:12E1D4B5)","16","271084","271085","37"
"WpB","ICCWepB","(VendingMachine:12E1D4B5)","17","271084","271085","105"
"WpB","ICCWepB","(VendingMachine:12E1D4B5)","18","271354","271355","29"
"WpB","ICCWepB","(VendingMachine:12E1D4B5)","19","271205","271206","14"
"WpB","ICCWepB","(VendingMachine:12E1D4B5)","20","271205","271206","39"
"WpB","ICCWepB","(VendingMachine:12E1D4B5)","21","271205","271206","43"
"WpB","ICCWepB","(VendingMachine:12E1D4B5)","22","271115","271116","104"
"WpB","ICCWepB","(VendingMachine:12E1D4B5)","23","271437","271438","20"
"WpB","ICCWepB","(VendingMachine:12E1D4B5)","24","271437","271438","32"
"WpB","ICCWepB","(VendingMachine:12E1D4B5)","25","271437","271438","43"
"WpB","ICCWepB","(VendingMachine:12E1D4B5)","26","271437","271438","81"
"WpB","ICCWepB","(VendingMachine:12E1D4B5)","27","271437","271438","104"
"WpB","ICCWepB","(VendingMachine:12E1D4B5)","28","271725","271726","38"
"WpB","ICCWepB","(VendingMachine:12E1D4B5)","29","271725","271726","70"
"WpB","ICCWepB","(VendingMachine:12E1D4B5)","30","271165","271166","23"
"WpB","ICCWepB","(VendingMachine:12E1D4B5)","31","271165","271166","84"
"WpB","ICCWepB","(VendingMachine:12E1D4B5)","32","271165","271166","95"
"WpB","ICCWepB","(VendingMachine:12E1D4B5)","33","271225","271226","56"
"WpB","ICCWepB","(VendingMachine:12E1D4B5)","34","271461","271462","21"
"WpB","ICCWepB","(VendingMachine:12E1D4B5)","35","271461","271462","41"
"WpB","ICCWepB","(VendingMachine:12E1D4B5)","36","271981","271982","34"
"WpB","ICCWepB","(VendingMachine:12E1D4B5)","37","271981","271982","60"
"WpB","ICCWepB","(VendingMachine:12E1D4B5)","38","271981","271982","94"
"WpB","ICCWepB","(VendingMachine:12E1D4B5)","39","271419","271420","7"
"WpB","ICCWepB","(VendingMachine:12E1D4B5)","40","271419","271420","10"
"WpB","ICCWepB","(VendingMachine:12E1D4B5)","41","271419","271420","24"
"WpB","ICCWepB","(VendingMachine:12E1D4B5)","42","271419","271420","31"
"WpB","ICCWepB","(VendingMachine:12E1D4B5)","43","271419","271420","44"
"WpB","ICCWepB","(VendingMachine:12E1D4B5)","44","271419","271420","53"
"WpB","ICCWepB","(VendingMachine:12E1D4B5)","45","271419","271420","68"
"WpB","ICCWepB","(VendingMachine:12E1D4B5)","46","271419","271420","75"
"WpB","ICCWepB","(VendingMachine:12E1D4B5)","47","271419","271420","82"
"WpB","ICCWepB","(VendingMachine:12E1D4B5)","48","271419","271420","96"
"WpB","ICCWepB","(VendingMachine:12E1D4B5)","49","271419","271420","107"
"WpB","ICCWepB","(VendingMachine:12E1D4B5)","50","272023","272024","8"
"WpB","ICCWepB","(VendingMachine:12E1D4B5)","51","272023","272024","82"
"WpB","ICCWepB","(VendingMachine:12E1D4B5)","52","271185","271186","59"
"WpB","ICCWepB","(VendingMachine:12E1D4B5)","53","272176","272177","106"
"WpB","ICCWepB","(VendingMachine:12E1D4B5)","54","272086","272087","65"
"WpB","ICCWepB","(VendingMachine:12E1D4B5)","55","271939","271940","80"
"WpB","ICCWepB","(VendingMachine:12E1D4B5)","56","271868","271869","14"
"WpB","ICCWepB","(VendingMachine:12E1D4B5)","57","271868","271869","76"
"WpB","ICCWepB","(VendingMachine:12E1D4B5)","58","271669","271670","17"
"WpB","ICCWepB","(VendingMachine:12E1D4B5)","59","271669","271670","35"
"WpB","ICCWepB","(VendingMachine:12E1D4B5)","60","271669","271670","65"
"WpB","ICCWepB","(VendingMachine:12E1D4B5)","61","272166","272167","81"
"WpB","ICCWepB","(VendingMachine:12E1D4B5)","62","272166","272167","90"
"WpB","ICCWepB","(VendingMachine:12E1D4B5)","63","272166","272167","106"
"WpB","ICCWepB","(VendingMachine:12E1D4B5)","64","271485","271486","53"
"WpB","ICCWepB","(VendingMachine:12E1D4B5)","65","271175","271176","60"
"WpB","ICCWepB","(VendingMachine:12E1D4B5)","66","271175","271176","72"
"WpB","ICCWepB","(VendingMachine:12E1D4B5)","67","271851","271852","24"
"WpB","ICCWepB","(VendingMachine:12E1D4B5)","68","271125","271126","7"
"WpB","ICCWepB","(VendingMachine:12E1D4B5)","69","271245","271246","23"
"WpB","ICCWepB","(VendingMachine:12E1D4B5)","70","271245","271246","64"
"WpB","ICCWepB","(VendingMachine:12E1D4B5)","71","271826","271827","46"
"WpB","ICCWepB","(VendingMachine:12E1D4B5)","72","271826","271827","51"
"WpB","ICCWepB","(VendingMachine:12E1D4B5)","73","271597","271598","41"
"WpB","ICCWepB","(VendingMachine:12E1D4B5)","74","123666","123666","1"
"WpB","ICCWepB","(VendingMachine:12E1D4B5)","75","271955","271956","50"
"WpB","ICCWepB","(VendingMachine:12E1D4B5)","76","271429","271430","2"
"WpB","ICCWepB","(VendingMachine:12E1D4B5)","77","271429","271430","10"
"WpB","ICCWepB","(VendingMachine:12E1D4B5)","78","271429","271430","60"
"WpB","ICCWepB","(VendingMachine:12E1D4B5)","79","271517","271518","5"
"WpB","ICCWepB","(VendingMachine:12E1D4B5)","80","271517","271518","93"
"WpB","ICCWepB","(VendingMachine:12E1D4B5)","81","271321","271322","55"
"WpB","ICCWepB","(VendingMachine:12E1D4B5)","82","271321","271322","65"
"WpB","ICCWepB","(VendingMachine:12E1D4B5)","83","271321","271322","96"
"WpB","ICCWepB","(VendingMachine:12E1D4B5)","84","271255","271256","99"
"WpB","ICCWepB","(VendingMachine:12E1D4B5)","85","271947","271948","19"
"WpB","ICCWepB","(VendingMachine:12E1D4B5)","86","271947","271948","45"
"WpB","ICCWepB","(VendingMachine:12E1D4B5)","87","272136","272137","12"
"WpB","ICCWepB","(VendingMachine:12E1D4B5)","88","271818","271819","3"
"WpB","ICCWepB","(VendingMachine:12E1D4B5)","89","271818","271819","18"
"WpB","ICCWepB","(VendingMachine:12E1D4B5)","90","271818","271819","97"
"WpB","ICCWepB","(VendingMachine:12E1D4B5)","91","271818","271819","103"
"WpB","ICCWepB","(VendingMachine:12E1D4B5)","92","272216","272217","78"
"WpB","ICCWepB","(VendingMachine:12E1D4B5)","93","271501","271502","3"
"WpB","ICCWepB","(VendingMachine:12E1D4B5)","94","271501","271502","68"
"WpB","ICCWepB","(VendingMachine:12E1D4B5)","95","271719","271720","22"
"WpB","ICCWepB","(VendingMachine:12E1D4B5)","96","271054","271055","12"
"WpB","ICCWepB","(VendingMachine:12E1D4B5)","97","271054","271055","21"
"WpB","ICCWepB","(VendingMachine:12E1D4B5)","98","271842","271843","66"
"WpB","ICCWepB","(VendingMachine:12E1D4B5)","99","271525","271526","84"
"WpB","ICCWepB","(VendingMachine:12E1D4B5)","100","271525","271526","100"
"WpB","ICCWepB","(VendingMachine:12E1D4B5)","101","271044","271045","5"
"WpB","ICCWepB","(VendingMachine:12E1D4B5)","102","271044","271045","15"
"WpB","ICCWepB","(VendingMachine:12E1D4B5)","103","271044","271045","29"
"WpB","ICCWepB","(VendingMachine:12E1D4B5)","104","271044","271045","31"
"WpB","ICCWepB","(VendingMachine:12E1D4B5)","105","271044","271045","40"
"WpB","ICCWepB","(VendingMachine:12E1D4B5)","106","271044","271045","54"
"WpB","ICCWepB","(VendingMachine:12E1D4B5)","107","271044","271045","62"
"WpB","ICCWepB","(VendingMachine:12E1D4B5)","108","271044","271045","71"
"WpB","ICCWepB","(VendingMachine:12E1D4B5)","109","271044","271045","87"
"WpB","ICCWepB","(VendingMachine:12E1D4B5)","110","271044","271045","96"
"WpB","ICCWepB","(VendingMachine:12E1D4B5)","111","271044","271045","109"
"WpB","ICCWepB","(VendingMachine:12E1D4B5)","112","271104","271105","55"
"WpB","ICCWepB","(VendingMachine:12E1D4B5)","113","271341","271342","28"
"WpB","ICCWepB","(VendingMachine:12E1D4B5)","114","271403","271404","36"
"WpB","ICCWepB","(VendingMachine:12E1D4B5)","115","271403","271404","61"
"WpB","ICCWepB","(VendingMachine:12E1D4B5)","116","271403","271404","76"
"WpB","ICCWepB","(VendingMachine:12E1D4B5)","117","271403","271404","104"
"WpB","ICCWepB","(VendingMachine:12E1D4B5)","118","271331","271332","11"
"WpB","ICCWepB","(VendingMachine:12E1D4B5)","119","271331","271332","39"
"WpB","ICCWepB","(VendingMachine:12E1D4B5)","120","271387","271388","46"
"WpB","ICCWepB","(VendingMachine:12E1D4B5)","121","271387","271388","59"
"WpB","ICCWepB","(VendingMachine:12E1D4B5)","122","272076","272077","45"
"WpB","ICCWepB","(VendingMachine:12E1D4B5)","123","271453","271454","51"
"WpB","ICCWepB","(VendingMachine:12E1D4B5)","124","271453","271454","91"
"WpB","ICCWepB","(VendingMachine:12E1D4B5)","125","271445","271446","76"
"WpB","ICCWepB","(VendingMachine:12E1D4B5)","126","271155","271156","33"
"WpB","ICCWepB","(VendingMachine:12E1D4B5)","127","271155","271156","43"
"WpB","ICCWepB","(VendingMachine:12E1D4B5)","128","272156","272157","2"
"WpB","ICCWepB","(VendingMachine:12E1D4B5)","129","272156","272157","21"
"WpB","ICCWepB","(VendingMachine:12E1D4B5)","130","271288","271289","79"
"WpB","ICCWepB","(VendingMachine:12E1D4B5)","131","271395","271396","3"
"WpB","ICCWepB","(VendingMachine:12E1D4B5)","132","271395","271396","88"
"WpB","ICCWepB","(VendingMachine:12E1D4B5)","133","271395","271396","93"
"WpB","ICCWepB","(VendingMachine:12E1D4B5)","134","272013","272014","14"
"WpB","ICCWepB","(VendingMachine:12E1D4B5)","135","272013","272014","22"
"WpB","ICCWepB","(VendingMachine:12E1D4B5)","136","272013","272014","108"
"WpB","ICCWepB","(VendingMachine:12E1D4B5)","137","271963","271964","98"
"WpB","ICCWepB","(VendingMachine:12E1D4B5)","138","271311","271312","44"
"WpB","ICCWepB","(VendingMachine:12E1D4B5)","139","271311","271312","88"
"WpB","ICCWepB","(VendingMachine:12E1D4B5)","140","271301","271302","3"
"WpB","ICCWepB","(VendingMachine:12E1D4B5)","141","271301","271302","103"
"WpB","ICCWepB","(VendingMachine:12E1D4B5)","142","271993","271994","48"
"WpB","ICCWepB","(VendingMachine:12E1D4B5)","143","271024","271025","4"
"WpB","ICCWepB","(VendingMachine:12E1D4B5)","144","271024","271025","66"
"WpB","ICCWepB","(VendingMachine:12E1D4B5)","145","271024","271025","88"
"WpB","ICCWepB","(VendingMachine:12E1D4B5)","146","271024","271025","90"
"WpB","ICCWepB","(VendingMachine:12E1D4B5)","147","272066","272067","92"
"WpB","ICCWepB","(VendingMachine:12E1D4B5)","148","272106","272107","52"
"WpB","ICCWepB","(VendingMachine:12E1D4B5)","149","272003","272004","55"
"WpB","ICCWepB","(VendingMachine:12E1D4B5)","150","272003","272004","74"
"WpB","ICCWepB","(VendingMachine:12E1D4B5)","151","271411","271412","19"
"WpB","ICCWepB","(VendingMachine:12E1D4B5)","152","271915","271916","74"
"WpB","ICCWepB","(VendingMachine:12E1D4B5)","153","271915","271916","107"
"WpB","ICCWepB","(VendingMachine:12E1D4B5)","154","271834","271835","85"
"WpB","ICCWepB","(VendingMachine:12E1D4B5)","155","271135","271136","12"
"WpB","ICCWepB","(VendingMachine:12E1D4B5)","156","271860","271861","37"
"WpB","ICCWepB","(VendingMachine:12E1D4B5)","157","271860","271861","65"
"WpB","ICCWepB","(VendingMachine:12E1D4B5)","158","271860","271861","85"
"WpB","ICCWepB","(VendingMachine:12E1D4B5)","159","271860","271861","106"
"WpB","ICCWepB","(VendingMachine:12E1D4B5)","160","271971","271972","27"
"WpB","ICCWepB","(VendingMachine:12E1D4B5)","161","271971","271972","35"
"WpB","ICCWepB","(VendingMachine:12E1D4B5)","162","271971","271972","67"
"WpB","ICCWepB","(VendingMachine:12E1D4B5)","163","271235","271236","109"
"WpB","ICCWepB","(VendingMachine:12E1D4B5)","164","271661","271662","6"
"WpB","ICCWepB","(VendingMachine:12E1D4B5)","165","272186","272187","37"
"WpS","ICCWepS","(VendingMachine:12E22C4B)","0","271074","271075","224"
"WpS","ICCWepS","(VendingMachine:12E22C4B)","1","271074","271075","278"
"WpS","ICCWepS","(VendingMachine:12E22C4B)","2","271074","271075","289"
"WpS","ICCWepS","(VendingMachine:12E22C4B)","3","271493","271494","245"
"WpS","ICCWepS","(VendingMachine:12E22C4B)","4","271493","271494","253"
"WpS","ICCWepS","(VendingMachine:12E22C4B)","5","271493","271494","293"
"WpS","ICCWepS","(VendingMachine:12E22C4B)","6","271215","271216","228"
"WpS","ICCWepS","(VendingMachine:12E22C4B)","7","271215","271216","269"
"WpS","ICCWepS","(VendingMachine:12E22C4B)","8","271215","271216","275"
"WpS","ICCWepS","(VendingMachine:12E22C4B)","9","271749","271750","215"
"WpS","ICCWepS","(VendingMachine:12E22C4B)","10","271749","271750","237"
"WpS","ICCWepS","(VendingMachine:12E22C4B)","11","271749","271750","276"
"WpS","ICCWepS","(VendingMachine:12E22C4B)","12","271477","271478","214"
"WpS","ICCWepS","(VendingMachine:12E22C4B)","13","271757","271758","229"
"WpS","ICCWepS","(VendingMachine:12E22C4B)","14","271354","271355","224"
"WpS","ICCWepS","(VendingMachine:12E22C4B)","15","271205","271206","246"
"WpS","ICCWepS","(VendingMachine:12E22C4B)","16","271115","271116","247"
"WpS","ICCWepS","(VendingMachine:12E22C4B)","17","271437","271438","248"
"WpS","ICCWepS","(VendingMachine:12E22C4B)","18","271725","271726","285"
"WpS","ICCWepS","(VendingMachine:12E22C4B)","19","271165","271166","224"
"WpS","ICCWepS","(VendingMachine:12E22C4B)","20","271165","271166","258"
"WpS","ICCWepS","(VendingMachine:12E22C4B)","21","271461","271462","225"
"WpS","ICCWepS","(VendingMachine:12E22C4B)","22","271461","271462","232"
"WpS","ICCWepS","(VendingMachine:12E22C4B)","23","271461","271462","260"
"WpS","ICCWepS","(VendingMachine:12E22C4B)","24","271462","271462","300"
"WpS","ICCWepS","(VendingMachine:12E22C4B)","25","271419","271420","218"
"WpS","ICCWepS","(VendingMachine:12E22C4B)","26","271419","271420","225"
"WpS","ICCWepS","(VendingMachine:12E22C4B)","27","271419","271420","231"
"WpS","ICCWepS","(VendingMachine:12E22C4B)","28","271419","271420","246"
"WpS","ICCWepS","(VendingMachine:12E22C4B)","29","271419","271420","256"
"WpS","ICCWepS","(VendingMachine:12E22C4B)","30","271419","271420","268"
"WpS","ICCWepS","(VendingMachine:12E22C4B)","31","271419","271420","276"
"WpS","ICCWepS","(VendingMachine:12E22C4B)","32","271419","271420","281"
"WpS","ICCWepS","(VendingMachine:12E22C4B)","33","271419","271420","296"
"WpS","ICCWepS","(VendingMachine:12E22C4B)","34","271420","271420","300"
"WpS","ICCWepS","(VendingMachine:12E22C4B)","35","272033","272034","223"
"WpS","ICCWepS","(VendingMachine:12E22C4B)","36","272023","272024","253"
"WpS","ICCWepS","(VendingMachine:12E22C4B)","37","272023","272024","268"
"WpS","ICCWepS","(VendingMachine:12E22C4B)","38","272023","272024","272"
"WpS","ICCWepS","(VendingMachine:12E22C4B)","39","271185","271186","284"
"WpS","ICCWepS","(VendingMachine:12E22C4B)","40","271939","271940","250"
"WpS","ICCWepS","(VendingMachine:12E22C4B)","41","271939","271940","276"
"WpS","ICCWepS","(VendingMachine:12E22C4B)","42","271868","271869","266"
"WpS","ICCWepS","(VendingMachine:12E22C4B)","43","271868","271869","280"
"WpS","ICCWepS","(VendingMachine:12E22C4B)","44","271669","271670","245"
"WpS","ICCWepS","(VendingMachine:12E22C4B)","45","271669","271670","296"
"WpS","ICCWepS","(VendingMachine:12E22C4B)","46","271485","271486","289"
"WpS","ICCWepS","(VendingMachine:12E22C4B)","47","271851","271852","227"
"WpS","ICCWepS","(VendingMachine:12E22C4B)","48","271851","271852","232"
"WpS","ICCWepS","(VendingMachine:12E22C4B)","49","271851","271852","277"
"WpS","ICCWepS","(VendingMachine:12E22C4B)","50","271125","271126","215"
"WpS","ICCWepS","(VendingMachine:12E22C4B)","51","271246","271246","300"
"WpS","ICCWepS","(VendingMachine:12E22C4B)","52","272116","272117","228"
"WpS","ICCWepS","(VendingMachine:12E22C4B)","53","272116","272117","288"
"WpS","ICCWepS","(VendingMachine:12E22C4B)","54","271826","271827","241"
"WpS","ICCWepS","(VendingMachine:12E22C4B)","55","271677","271678","287"
"WpS","ICCWepS","(VendingMachine:12E22C4B)","56","271429","271430","239"
"WpS","ICCWepS","(VendingMachine:12E22C4B)","57","271429","271430","286"
"WpS","ICCWepS","(VendingMachine:12E22C4B)","58","271195","271196","233"
"WpS","ICCWepS","(VendingMachine:12E22C4B)","59","271195","271196","263"
"WpS","ICCWepS","(VendingMachine:12E22C4B)","60","271321","271322","250"
"WpS","ICCWepS","(VendingMachine:12E22C4B)","61","271321","271322","289"
"WpS","ICCWepS","(VendingMachine:12E22C4B)","62","271321","271322","297"
"WpS","ICCWepS","(VendingMachine:12E22C4B)","63","271255","271256","295"
"WpS","ICCWepS","(VendingMachine:12E22C4B)","64","271947","271948","210"
"WpS","ICCWepS","(VendingMachine:12E22C4B)","65","271948","271948","300"
"WpS","ICCWepS","(VendingMachine:12E22C4B)","66","272136","272137","252"
"WpS","ICCWepS","(VendingMachine:12E22C4B)","67","272137","272137","300"
"WpS","ICCWepS","(VendingMachine:12E22C4B)","68","271818","271819","250"
"WpS","ICCWepS","(VendingMachine:12E22C4B)","69","271501","271502","276"
"WpS","ICCWepS","(VendingMachine:12E22C4B)","70","271034","271035","248"
"WpS","ICCWepS","(VendingMachine:12E22C4B)","71","271035","271035","300"
"WpS","ICCWepS","(VendingMachine:12E22C4B)","72","271525","271526","231"
"WpS","ICCWepS","(VendingMachine:12E22C4B)","73","271558","271558","300"
"WpS","ICCWepS","(VendingMachine:12E22C4B)","74","271044","271045","214"
"WpS","ICCWepS","(VendingMachine:12E22C4B)","75","271044","271045","226"
"WpS","ICCWepS","(VendingMachine:12E22C4B)","76","271044","271045","231"
"WpS","ICCWepS","(VendingMachine:12E22C4B)","77","271044","271045","248"
"WpS","ICCWepS","(VendingMachine:12E22C4B)","78","271044","271045","257"
"WpS","ICCWepS","(VendingMachine:12E22C4B)","79","271044","271045","263"
"WpS","ICCWepS","(VendingMachine:12E22C4B)","80","271044","271045","278"
"WpS","ICCWepS","(VendingMachine:12E22C4B)","81","271044","271045","288"
"WpS","ICCWepS","(VendingMachine:12E22C4B)","82","271044","271045","294"
"WpS","ICCWepS","(VendingMachine:12E22C4B)","83","271045","271045","300"
"WpS","ICCWepS","(VendingMachine:12E22C4B)","84","271104","271105","238"
"WpS","ICCWepS","(VendingMachine:12E22C4B)","85","271403","271404","210"
"WpS","ICCWepS","(VendingMachine:12E22C4B)","86","271403","271404","262"
"WpS","ICCWepS","(VendingMachine:12E22C4B)","87","271331","271332","233"
"WpS","ICCWepS","(VendingMachine:12E22C4B)","88","271387","271388","272"
"WpS","ICCWepS","(VendingMachine:12E22C4B)","89","271387","271388","282"
"WpS","ICCWepS","(VendingMachine:12E22C4B)","90","271388","271388","300"
"WpS","ICCWepS","(VendingMachine:12E22C4B)","91","272056","272057","219"
"WpS","ICCWepS","(VendingMachine:12E22C4B)","92","271645","271646","227"
"WpS","ICCWepS","(VendingMachine:12E22C4B)","93","271645","271646","262"
"WpS","ICCWepS","(VendingMachine:12E22C4B)","94","271453","271454","215"
"WpS","ICCWepS","(VendingMachine:12E22C4B)","95","271453","271454","259"
"WpS","ICCWepS","(VendingMachine:12E22C4B)","96","271453","271454","268"
"WpS","ICCWepS","(VendingMachine:12E22C4B)","97","271453","271454","275"
"WpS","ICCWepS","(VendingMachine:12E22C4B)","98","271453","271454","293"
"WpS","ICCWepS","(VendingMachine:12E22C4B)","99","271454","271454","300"
"WpS","ICCWepS","(VendingMachine:12E22C4B)","100","271445","271446","221"
"WpS","ICCWepS","(VendingMachine:12E22C4B)","101","271155","271156","278"
"WpS","ICCWepS","(VendingMachine:12E22C4B)","102","271156","271156","300"
"WpS","ICCWepS","(VendingMachine:12E22C4B)","103","271629","271630","278"
"WpS","ICCWepS","(VendingMachine:12E22C4B)","104","271637","271638","210"
"WpS","ICCWepS","(VendingMachine:12E22C4B)","105","272146","272147","296"
"WpS","ICCWepS","(VendingMachine:12E22C4B)","106","272126","272127","236"
"WpS","ICCWepS","(VendingMachine:12E22C4B)","107","271621","271622","255"
"WpS","ICCWepS","(VendingMachine:12E22C4B)","108","271288","271289","218"
"WpS","ICCWepS","(VendingMachine:12E22C4B)","109","271288","271289","244"
"WpS","ICCWepS","(VendingMachine:12E22C4B)","110","271395","271396","249"
"WpS","ICCWepS","(VendingMachine:12E22C4B)","111","271395","271396","254"
"WpS","ICCWepS","(VendingMachine:12E22C4B)","112","272013","272014","211"
"WpS","ICCWepS","(VendingMachine:12E22C4B)","113","272013","272014","242"
"WpS","ICCWepS","(VendingMachine:12E22C4B)","114","272014","272014","300"
"WpS","ICCWepS","(VendingMachine:12E22C4B)","115","271963","271964","231"
"WpS","ICCWepS","(VendingMachine:12E22C4B)","116","271963","271964","283"
"WpS","ICCWepS","(VendingMachine:12E22C4B)","117","271311","271312","229"
"WpS","ICCWepS","(VendingMachine:12E22C4B)","118","271311","271312","269"
"WpS","ICCWepS","(VendingMachine:12E22C4B)","119","271301","271302","275"
"WpS","ICCWepS","(VendingMachine:12E22C4B)","120","271302","271302","300"
"WpS","ICCWepS","(VendingMachine:12E22C4B)","121","271024","271025","297"
"WpS","ICCWepS","(VendingMachine:12E22C4B)","122","272066","272067","244"
"WpS","ICCWepS","(VendingMachine:12E22C4B)","123","272066","272067","270"
"WpS","ICCWepS","(VendingMachine:12E22C4B)","124","272003","272004","239"
"WpS","ICCWepS","(VendingMachine:12E22C4B)","125","272003","272004","287"
"WpS","ICCWepS","(VendingMachine:12E22C4B)","126","272003","272004","290"
"WpS","ICCWepS","(VendingMachine:12E22C4B)","127","271411","271412","234"
"WpS","ICCWepS","(VendingMachine:12E22C4B)","128","271411","271412","299"
"WpS","ICCWepS","(VendingMachine:12E22C4B)","129","271915","271916","242"
"WpS","ICCWepS","(VendingMachine:12E22C4B)","130","271915","271916","296"
"WpS","ICCWepS","(VendingMachine:12E22C4B)","131","271265","271266","230"
"WpS","ICCWepS","(VendingMachine:12E22C4B)","132","271265","271266","281"
"WpS","ICCWepS","(VendingMachine:12E22C4B)","133","272236","272237","263"
"WpS","ICCWepS","(VendingMachine:12E22C4B)","134","271094","271095","219"
"WpS","ICCWepS","(VendingMachine:12E22C4B)","135","271094","271095","250"
"WpS","ICCWepS","(VendingMachine:12E22C4B)","136","271094","271095","260"
"WpS","ICCWepS","(VendingMachine:12E22C4B)","137","271834","271835","292"
"WpS","ICCWepS","(VendingMachine:12E22C4B)","138","271135","271136","299"
"WpS","ICCWepS","(VendingMachine:12E22C4B)","139","271860","271861","219"
"WpS","ICCWepS","(VendingMachine:12E22C4B)","140","271860","271861","247"
"WpS","ICCWepS","(VendingMachine:12E22C4B)","141","271860","271861","254"
"WpS","ICCWepS","(VendingMachine:12E22C4B)","142","271860","271861","299"
"WpS","ICCWepS","(VendingMachine:12E22C4B)","143","271861","271861","300"
"WpS","ICCWepS","(VendingMachine:12E22C4B)","144","271809","271810","262"
"WpS","ICCWepS","(VendingMachine:12E22C4B)","145","271810","271810","300"
"WpS","ICCWepS","(VendingMachine:12E22C4B)","146","271971","271972","228"
"WpS","ICCWepS","(VendingMachine:12E22C4B)","147","271275","271276","214"
"WpS","ICCWepS","(VendingMachine:12E22C4B)","148","271235","271236","259"
"WpS","ICCWepS","(VendingMachine:12E22C4B)","149","271661","271662","267"
