"Id","Playfield","Hash","DbTemplateId","VendorTemplateItem","ShopInvHash","ActiveShopItems","VendorTemplateName","Issues"
"32768003","500","MedA","99575","99575","Med","99","Advanced Medic Supplies",""
"32768004","500","ICCSpWA","99573","99573","SpWA","30","Advanced ICC Special Weapons",""
"32768006","500","AtkB","99602","99602","Atk","8","Basic Attacks",""
"32768008","500","MedB","99574","99574","Med","99","Basic Medic Supplies",""
"32768010","500","ToolB","99601","99601","Tool","22","Basic Tools",""
"32768012","500","ICCSpWB","99572","99572","SpWB","31","Basic ICC Special Weapons",""
"32768019","500","ANCC","118285","118285","NaCl","255","Clan Advanced Nano Clusters",""
"32768032","500","ICCEngN","99567","99567","EngN","94","ICC Engineer Nano Programs",""
"32768033","500","ICCEnfN","99557","99557","EnfN","60","ICC Enforcer Nano Programs",""
"32768034","500","ICCDocN","99559","99559","DocN","115","ICC Doctor Nano Programs",""
"32768035","500","ICCBurN","99558","99558","BurN","115","ICC Bureaucrat Nano Programs",""
"32768036","500","ICCAgeN","99556","99556","AgeN","67","ICC Agent Nano Programs",""
"32768037","500","ICCAdvN","99560","99560","AdvN","68","ICC Adventurer Nano Programs",""
"32768050","500","SNCC","118286","118286","NaCl","255","Clan Superior Nano Clusters",""
"32768062","500","SNCO","118283","118283","NaCl","255","OT Superior Nano Clusters",""
"32768069","500","BkStA","155600","155600","BkSt","16","Advanced Bookstore",""
"32768070","500","BkStB","155599","155599","BkSt","17","Basic Bookstore",""
"32768071","500","BkStS","155601","155601","BkSt","16","Superior Bookstore",""
"32768075","500","DevB","155604","155604","DevB","27","Basic Devices",""
"32768076","500","DevA","155607","155607","DevA","27","Advanced Devices",""
"32768077","500","DevS","155610","155610","DevS","26","Superior Devices",""
"32768082","500","ACCmpB","155496","155496","ACCB","4","Armour and Clothing Components - Basic",""
"32768083","500","ACCmpA","155497","155497","ACCA","4","Armour and Clothing Components - Advanced",""
"32768085","500","NCCmpB","155311","155311","NCCB","58","Nano Crystal Components - Basic",""
"32768086","500","NCCmpA","155312","155312","NCCA","59","Nano Crystal Components - Advanced",""
"32768088","500","MECmpB","155493","155493","MECB","17","Mechanical and Electrical Engineering Components - Basic",""
"32768089","500","MECmpA","155494","155494","MECA","16","Mechanical and Electrical Engineering Components - Advanced",""
"32768090","500","MECmpS","155495","155495","MECS","17","Mechanical and Electrical Engineering Components - Superior",""
"32768091","500","FNCB","155299","155299","CluF","85","Faded Nano Clusters - Basic",""
"32768092","500","FNCA","155300","155300","CluF","85","Faded Nano Clusters - Advanced",""
"32768093","500","FNCS","155301","155301","CluF","85","Faded Nano Clusters - Superior",""
"32768094","500","BNCB","155302","155302","CluB","85","Bright Nano Clusters - Basic",""
"32768095","500","BNCA","155303","155303","CluB","85","Bright Nano Clusters - Advanced",""
"32768096","500","BNCS","155307","155307","CluB","85","Bright Nano Clusters - Superior",""
"32768097","500","SNCB","155308","155308","CluS","84","Shining Nano Clusters - Basic",""
"32768098","500","SNCA","155309","155309","CluS","84","Shining Nano Clusters - Advanced",""
"32768099","500","SNCS","155310","155310","CluS","84","Shining Nano Clusters - Superior",""
"32768100","500","GCmpB","155499","155499","GCmB","4","General Components - Basic",""
"32768101","500","GCmpA","155500","155500","GCmA","4","General Components - Advanced",""
"32768102","500","GCmpS","155501","155501","GCmS","4","General Components - Superior",""
"32768109","500","PCCmpB","155314","155314","PCCB","37","Pharmacy and Chemistry Components - Basic",""
"32768110","500","PCCmpA","155488","155488","PCCA","36","Pharmacy and Chemistry Components - Advanced",""
"32768111","500","PCCmpS","155489","155489","PCCS","37","Pharmacy and Chemistry Components - Superior",""
"32768118","500","GRecB","155508","155508","GReB","17","General Recipes - Basic",""
"32768119","500","GRecA","155509","155509","GReA","17","General Recipes - Advanced",""
"32768127","500","EMTlB","155290","155290","EMTB","5","Tools for Electrical and Mechanical Engineering - Basic",""
"32768128","500","EMTlA","155291","155291","EMTA","5","Tools for Electrical and Mechanical Engineering - Advanced",""
"32768129","500","EMTlS","155292","155292","EMTS","5","Tools for Electrical and Mechanical Engineering - Superior",""
"32768130","500","GToolB","155284","155284","GTBB","12","General Tools and Bases - Basic",""
"32768131","500","GToolA","155285","155285","GTBA","17","General Tools and Bases - Advanced",""
"32768132","500","GToolS","155286","155286","GTBS","12","General Tools and Bases - Superior",""
"32768136","500","PCTlB","155287","155287","PCTB","20","Pharmacy and Chemistry Tools and Bases - Basic",""
"32768137","500","PCTlA","155288","155288","PCTA","20","Pharmacy and Chemistry Tools and Bases - Advanced",""
"32768138","500","PCTlS","155289","155289","PCTS","20","Pharmacy and Chemistry Tools and Bases - Superior",""
"37027840","565","MedB","99574","99574","Med","99","Basic Medic Supplies",""
"37027842","565","AtkB","99602","99602","Atk","8","Basic Attacks",""
"37027843","565","ICCSpWB","99572","99572","SpWB","31","Basic ICC Special Weapons",""
"37027846","565","MedB","99574","99574","Med","99","Basic Medic Supplies",""
"39321612","600","AdvOA","93063","93063","AdvN","34","Advanced Omni-Tek Adventurer Crystals",""
"42926081","655","ICCTech","297290","297290","0T95","115","ICC Tech Supplies",""
"42926082","655","ICCCnt","297423","297423","Cont","62","ICC Containers",""
"42926083","655","ICCAccB","297424","297424","AcB","89","Basic ICC Accessories",""
"42926084","655","ICCAccA","297425","297425","AcA","86","Advanced ICC Accessories",""
"42926085","655","ICCAccS","297426","297426","AcS","27","Superior ICC Accessories",""
"42926086","655","ICCArmB","297427","297427","IAB","88","Basic ICC Armor",""
"42926087","655","ICCArmA","297428","297428","IAA","65","Advanced ICC Armor",""
"42926088","655","ICCArmS","297429","297429","IAS","25","Superior ICC Armor",""
"42926089","655","ICCWepB","297430","297430","WpB","166","Basic ICC Weapons",""
"42926090","655","ICCWepA","297431","297431","WpA","150","Advanced ICC Weapons",""
"42926091","655","ICCWepS","297432","297432","WpS","150","Superior ICC Weapons",""
"42926092","655","ICCAmmo","297459","297459","Ammo","13","ICC Ammunition",""
"42926093","655","ICCGenN","297067","297067","GenN","24","ICC General Nano Programs",""
"42926094","655","ICCPhaB","297393","297393","Med","99","Basic ICC Pharmacy",""
"42926095","655","ICCPhaA","297394","297394","Med","90","Advanced ICC Pharmacy",""
"42926096","655","ICCPhaS","297395","297395","PC1H","54","Superior ICC Pharmacy",""
"74448896","1136","MiiHead","99554","99554","MHea","24","Miiir Headwear",""
"74448897","1136","MiiFoot","99544","99544","MFot","57","Miiir Footwear",""
"74448898","1136","MiiHand","99546","99546","MHan","10","Miiir Handwear",""
"74448899","1136","MiiLeg","99545","99545","MLeg","79","Miiir Legwear",""
"74448900","1136","MiiSwim","99547","99547","MSwm","37","Miiir Swimwear",""
"74448901","1136","MiiChst","99548","99548","MChs","79","Miiir Chestwear",""
"74448902","1136","MiiArm","99543","99543","MArm","75","Miiir Armwear",""
"74448903","1136","MiiBack","99550","99550","MBak","40","Miiir Backwear",""
"74514432","1137","MiiHead","99554","99554","MHea","24","Miiir Headwear",""
"74514433","1137","MiiFoot","99544","99544","MFot","57","Miiir Footwear",""
"74514434","1137","MiiHand","99546","99546","MHan","10","Miiir Handwear",""
"74514435","1137","MiiLeg","99545","99545","MLeg","79","Miiir Legwear",""
"74514436","1137","MiiSwim","99547","99547","MSwm","37","Miiir Swimwear",""
"74514437","1137","MiiChst","99548","99548","MChs","79","Miiir Chestwear",""
"74514438","1137","MiiArm","99543","99543","MArm","75","Miiir Armwear",""
"74514439","1137","MiiBack","99550","99550","MBak","40","Miiir Backwear",""
"77332480","1180","AdvCB","90589","90589","AdvN","33","Basic Clan Adventurer Crystals",""
"77332481","1180","AgeCB","90588","90588","AgeN","33","Basic Clan Agent Crystals",""
"77332482","1180","BurCB","90587","90587","BurN","60","Basic Clan Bureaucrat Crystals",""
"77332483","1180","DocCB","90586","90586","DocN","60","Basic Clan Doctor Crystals",""
"77332484","1180","EnfCB","90585","90585","EnfN","31","Basic Clan Enforcer Crystals",""
"77332485","1180","EngCB","90579","90579","EngN","44","Basic Clan Engineer Crystals",""
"77332486","1180","FixCB","90576","90576","FixN","40","Basic Clan Fixer Crystals",""
"77332487","1180","GenCB","90574","90574","GenN","19","Basic Clan General Crystals",""
"77332488","1180","MarCB","90571","90571","MarN","33","Basic Clan Martial Artist Crystals",""
"77332489","1180","MetCB","90569","90569","MetN","34","Basic Clan Meta-Physicist Crystals",""
"77332490","1180","NanCB","90567","90567","NanN","74","Basic Clan Nanotechnician Crystals",""
"77332491","1180","SolCB","90564","90564","SolN","39","Basic Clan Soldier Crystals",""
"77332492","1180","TraCB","90562","90562","TraN","69","Basic Clan Trader Crystals",""
"77332493","1180","CBRE2SH","99502","99502","RZ3U","29","ClanBasicArmor",""
"77332494","1180","CB63J4Z","99532","99532","LHXL","7","ClanBasicAttacks",""
"77332495","1180","CBSRZ3W","99513","99513","CC4L","70","ClanBasicAugmentations",""
"77332496","1180","CBUMBXD","99508","99508","G4XZ","40","ClanBasicMedicalSupplies",""
"77332497","1180","CBIGA24","99527","99527","PN3R","19","ClanBasicTools",""
"77332498","1180","CBIEXSV","99505","99505","EH5X","88","ClanBasicWeapons",""
"77332499","1180","CBJY7AT","99526","99526","35AQ","24","ClanBasicClothes",""
"77332500","1180","CBKAVJ6","117749","117749","LJI7","2","ClanBasicMaps",""
"77332501","1180","CBGXGWQ","155602","155602","3XKL","26","ClanBasicDevices",""
"77332502","1180","BkStB","155599","155599","BkSt","17","Basic Bookstore",""
"77332503","1180","CBIDRVY","162157","162157","5M5F","96","BasicClanAdventurerImplants",""
"77332504","1180","CBFGTU4","162160","162160","7LZ3","78","BasicClanAgentImplants",""
"77332505","1180","CBCCGCW","162163","162163","O3KI","78","BasicClanBureaucratImplants",""
"77332506","1180","CBZ3BNX","162166","162166","6YPW","78","BasicClanDoctorImplants",""
"77332507","1180","CBVTEV5","162169","162169","RNWW","96","BasicClanEnforcerImplants",""
"77332508","1180","CBHGCGP","162172","162172","RO4Q","72","BasicClanEngineerImplants",""
"77332509","1180","CBYDGZL","162175","162175","SBQ6","78","BasicClanFixerImplants",""
"77332510","1180","CBXEBL5","162178","162178","JWHR","78","BasicClanMartialArtistImplants",""
"77332511","1180","CB2ELTH","162181","162181","5BUX","78","BasicClanMetaPhysicistImplants",""
"77332512","1180","CBLEZ7U","162184","162184","A32J","72","BasicClanNanotechnicianImplants",""
"77332513","1180","CBMK5IN","162187","162187","6MQN","78","BasicClanSoldierImplants",""
"77332514","1180","CBDWQH6","162190","162190","KVVT","78","BasicClanTraderImplants",""
"77332515","1180","CBHJMPZ","252271","252271","KV75","78","BasicClanKeeperImplants",""
"77332516","1180","CBOFY25","155222","155222","2QDW","39","BasicImplants",""
"77332517","1180","CBMPNFR","155233","155233","AEWP","39","BasicMeleeWeaponConstructionKits",""
"77332518","1180","CBUHWW4","155236","155236","IBLB","27","BasicRangedWeaponConstructionKits",""
"77332519","1180","EMTlB","155290","155290","EMTB","5","Tools for Electrical and Mechanical Engineering - Basic",""
"77332520","1180","PCTlB","155287","155287","PCTB","20","Pharmacy and Chemistry Tools and Bases - Basic",""
"77332521","1180","GToolB","155284","155284","GTBB","12","General Tools and Bases - Basic",""
"77332522","1180","FNCB","155299","155299","CluF","85","Faded Nano Clusters - Basic",""
"77332523","1180","BNCB","155302","155302","CluB","85","Bright Nano Clusters - Basic",""
"77332524","1180","SNCB","155308","155308","CluS","84","Shining Nano Clusters - Basic",""
"77332525","1180","CBF6KVT","155296","155296","CZ6M","50","BasicMeleeWeaponComponents",""
"77332526","1180","CBJNHBE","155490","155490","2KLE","119","BasicRangedWeaponComponents",""
"77332527","1180","MECmpB","155493","155493","MECB","17","Mechanical and Electrical Engineering Components - Basic",""
"77332528","1180","PCCmpB","155314","155314","PCCB","37","Pharmacy and Chemistry Components - Basic",""
"77332529","1180","ACCmpB","155496","155496","ACCB","4","Armour and Clothing Components - Basic",""
"77332530","1180","NCCmpB","155311","155311","NCCB","58","Nano Crystal Components - Basic",""
"77332531","1180","GCmpB","155499","155499","GCmB","4","General Components - Basic",""
"77332532","1180","CBGYYPZ","155502","155502","R5R7","21","BasicMeleeWeaponRecipes",""
"77332533","1180","GRecB","155508","155508","GReB","17","General Recipes - Basic",""
"77332534","1180","CB6HN4F","155505","155505","HYDQ","95","BasicRangedWeaponRecipes",""
"77398016","1181","AdvCA","93062","93062","AdvN","34","Advanced Clan Adventurer Crystals",""
"77398017","1181","AgeCA","93061","93061","AgeN","34","Advanced Clan Agent Crystals",""
"77398018","1181","BurCA","93058","93058","BurN","56","Advanced Clan Bureaucrat Crystals",""
"77398019","1181","DocCA","93057","93057","DocN","57","Advanced Clan Doctor Crystals",""
"77398020","1181","EnfCA","93055","93055","EnfN","27","Advanced Clan Enforcer Crystals",""
"77398021","1181","EngCA","93053","93053","EngN","49","Advanced Clan Engineer Crystals",""
"77398022","1181","FixCA","93050","93050","FixN","26","Advanced Clan Fixer Crystals",""
"77398023","1181","GenCB","90574","90574","GenN","19","Basic Clan General Crystals",""
"77398024","1181","MarCA","93049","93049","MarN","28","Advanced Clan Martial Artists Crystals",""
"77398025","1181","MetCA","93047","93047","MetN","35","Advanced Clan Meta-Physicist Crystals",""
"77398026","1181","NanCA","93044","93044","NanN","84","Advanced Clan Nanotechnician Crystals",""
"77398027","1181","SolCA","93043","93043","SolN","28","Advanced Clan Soldier Crystals",""
"77398028","1181","TraCA","93041","93041","TraN","66","Advanced Clan Trader Crystals",""
"77398029","1181","SolCA","93043","93043","SolN","28","Advanced Clan Soldier Crystals",""
"77398038","1181","BkStA","155600","155600","BkSt","16","Advanced Bookstore",""
"77398041","1181","PCTlA","155288","155288","PCTA","20","Pharmacy and Chemistry Tools and Bases - Advanced",""
"77398043","1181","EMTlA","155291","155291","EMTA","5","Tools for Electrical and Mechanical Engineering - Advanced",""
"77398045","1181","GToolA","155285","155285","GTBA","17","General Tools and Bases - Advanced",""
"77398046","1181","MECmpA","155494","155494","MECA","16","Mechanical and Electrical Engineering Components - Advanced",""
"77398047","1181","PCCmpA","155488","155488","PCCA","36","Pharmacy and Chemistry Components - Advanced",""
"77398048","1181","ACCmpA","155497","155497","ACCA","4","Armour and Clothing Components - Advanced",""
"77398051","1181","FNCA","155300","155300","CluF","85","Faded Nano Clusters - Advanced",""
"77398052","1181","BNCA","155303","155303","CluB","85","Bright Nano Clusters - Advanced",""
"77398053","1181","SNCA","155309","155309","CluS","84","Shining Nano Clusters - Advanced",""
"77398054","1181","NCCmpA","155312","155312","NCCA","59","Nano Crystal Components - Advanced",""
"77398055","1181","GCmpA","155500","155500","GCmA","4","General Components - Advanced",""
"77398057","1181","GRecA","155509","155509","GReA","17","General Recipes - Advanced",""
"77463552","1182","AdvCS","93104","93104","AdvN","17","Superior Clan Adventurer Crystals",""
"77463553","1182","AgeCS","93098","93098","AgeN","22","Superior Clan Agent Crystals",""
"77463554","1182","BurCS","93102","93102","BurN","33","Superior Clan Bureaucrat Crystals",""
"77463555","1182","DocCS","93096","93096","DocN","36","Superior Clan Doctor Crystals",""
"77463556","1182","EnfCS","93091","93091","EnfN","11","Superior Clan Enforcer Crystals",""
"77463557","1182","EngCS","93093","93093","EngN","29","Superior Clan Engineer Crystals",""
"77463558","1182","FixCS","93088","93088","FixN","15","Superior Clan Fixer Crystals",""
"77463559","1182","GenCB","90574","90574","GenN","19","Basic Clan General Crystals",""
"77463560","1182","MarCS","93090","93090","MarN","13","Superior Clan Martial Artist Crystals",""
"77463561","1182","MetCS","93085","93085","MetN","20","Superior Clan Meta-Physicist Crystals",""
"77463562","1182","NanCS","93086","93086","NanN","55","Superior Clan Nanotechnician Crystals",""
"77463563","1182","SolCS","93087","93087","SolN","15","Superior Clan Soldier Crystals",""
"77463564","1182","TraCS","93082","93082","TraN","46","Superior Clan Trader Crystals",""
"77463565","1182","CSFCG76","155283","155283","V5TB","26","SuperiorRangedWeaponConstructionKits",""
"77463566","1182","CSGLKFD","155235","155235","SYV2","37","SuperiorMeleeWeaponConstructionKits",""
"77463567","1182","PCTlS","155289","155289","PCTS","20","Pharmacy and Chemistry Tools and Bases - Superior",""
"77463568","1182","EMTlS","155292","155292","EMTS","5","Tools for Electrical and Mechanical Engineering - Superior",""
"77463569","1182","GToolS","155286","155286","GTBS","12","General Tools and Bases - Superior",""
"77463570","1182","CSC6V6B","155224","155224","S47V","39","SuperiorImplants",""
"77463571","1182","CSU6YPU","155492","155492","LPFM","121","SuperiorRangedWeaponComponents",""
"77463572","1182","PCCmpS","155489","155489","PCCS","37","Pharmacy and Chemistry Components - Superior",""
"77463573","1182","MECmpS","155495","155495","MECS","17","Mechanical and Electrical Engineering Components - Superior",""
"77463574","1182","CSNB4VR","155498","155498","4L5J","4","SuperiorArmourClothingComponents",""
"77463575","1182","FNCS","155301","155301","CluF","85","Faded Nano Clusters - Superior",""
"77463576","1182","BNCS","155307","155307","CluB","85","Bright Nano Clusters - Superior",""
"77463577","1182","CSQSROE","155313","155313","D7ED","58","SuperiorNanoCrystalComponents",""
"77463578","1182","GCmpS","155501","155501","GCmS","4","General Components - Superior",""
"77463579","1182","CS2LC3A","155298","155298","4GMW","48","SuperiorMeleeWeaponComponents",""
"77463580","1182","SNCS","155310","155310","CluS","84","Shining Nano Clusters - Superior",""
"77463581","1182","CSD2ZJQ","155507","155507","CHHQ","325","SuperiorRangedWeaponRecipes",""
"77463582","1182","CSAGOLB","155504","155504","OHOO","75","SuperiorMeleeWeaponRecipes",""
"77463583","1182","GRecS","155510","155510","GReS","17","General Recipes - Superior",""
"77463585","1182","CSSD5SY","99534","99534","L2PR","8","ClanSuperiorAttacks",""
"77463586","1182","CSXKWKP","99518","99518","CCN4","70","ClanSuperiorAugmentations",""
"77463587","1182","CSZKPVY","99529","99529","JYPE","40","ClanSuperiorMedicalSupplies",""
"77463588","1182","CSAUZMP","99530","99530","3RVO","19","ClanSuperiorTools",""
"77463589","1182","CS5JCOM","99507","99507","RQRQ","88","ClanSuperiorWeapons",""
"77463590","1182","CSOO7JG","99526","99526","BUUA","21","ClanSuperiorClothes",""
"77463591","1182","CSSOA54","99540","99540","Cont","62","ClanSuperiorContainers",""
"77463592","1182","CSFKCVG","99504","99504","4ATG","29","ClanSuperiorArmor",""
"77463593","1182","CSIHQHX","117749","117749","LJI7","2","ClanSuperiorMaps",""
"77463594","1182","CS3Q3IF","155608","155608","GVR6","26","ClanSuperiorDevices",""
"77463595","1182","BkStS","155601","155601","BkSt","16","Superior Bookstore",""
"77529088","1183","OBF3VGA","99383","99383","EPFF","29","OTBasicArmor",""
"77529089","1183","OBAGPLU","99495","99495","ZWCP","10","OTBasicAttacks",""
"77529090","1183","OBFUYMA","99484","99484","ZTPP","70","OTBasicAugmentations",""
"77529091","1183","OBX7YEB","99481","99481","G4XZ","40","OTBasicMedicalSupplies",""
"77529092","1183","OBH6GZY","99491","99491","ZUI3","19","OTBasicTools",""
"77529093","1183","OBMZVQZ","99478","99478","JPBP","88","OTBasicWeapons",""
"77529094","1183","OBCQTXM","99490","99490","IMXL","19","OTBasicClothes",""
"77529095","1183","OBMOJMG","117649","117649","LJI7","2","OTBasicMaps",""
"77529096","1183","BkStB","155599","155599","BkSt","17","Basic Bookstore",""
"77529097","1183","OBIUAFT","155603","155603","FRZN","27","OmniBasicDevices",""
"77529098","1183","AdvOB","90590","90590","AdvN","33","Basic Omni-Tek Adventurer Crystals",""
"77529099","1183","AgeOB","90580","90580","AgeN","33","Basic Omni-Tek Agent Crystals",""
"77529100","1183","BurOB","90581","90581","BurN","60","Basic Omni-Tek Bureaucrat Crystals",""
"77529101","1183","DocOB","90582","90582","DocN","60","Basic Omni-Tek Doctor Crystals",""
"77529102","1183","EnfOB","90583","90583","EnfN","31","Basic Omni-Tek Enforcer Crystals",""
"77529103","1183","EngOB","90577","90577","EngN","44","Basic Omni-Tek Engineer Crystals",""
"77529104","1183","FixOB","90575","90575","FixN","40","Basic Omni-Tek Fixer Crystals",""
"77529105","1183","GenOB","90573","90573","GenN","19","Basic Omni-Tek General Crystals",""
"77529106","1183","MarOB","90570","90570","MarN","33","Basic Omni-Tek Martial Artist Crystals",""
"77529107","1183","MetOB","90568","90568","MetN","34","Basic Omni-Tek Meta-Physicist Crystals",""
"77529108","1183","NanOB","90565","90565","NanN","74","Basic Omni-Tek Nanotechnician Crystals",""
"77529109","1183","SolOB","90563","90563","SolN","39","Basic Omni-Tek Soldier Crystals",""
"77529110","1183","TraOB","90561","90561","TraN","69","Basic Omni-Tek Trader Crystals",""
"77529111","1183","GRecB","155508","155508","GReB","17","General Recipes - Basic",""
"77529112","1183","OBGYYPZ","155502","155502","R5R7","21","BasicMeleeWeaponRecipes",""
"77529113","1183","OB6HN4F","155505","155505","HYDQ","95","BasicRangedWeaponRecipes",""
"77529114","1183","FNCB","155299","155299","CluF","85","Faded Nano Clusters - Basic",""
"77529115","1183","BNCB","155302","155302","CluB","85","Bright Nano Clusters - Basic",""
"77529116","1183","SNCB","155308","155308","CluS","84","Shining Nano Clusters - Basic",""
"77529117","1183","OBF6KVT","155296","155296","XSPR","49","BasicMeleeWeaponComponents",""
"77529118","1183","OBJNHBE","155490","155490","F5CG","118","BasicRangedWeaponComponents",""
"77529119","1183","MECmpB","155493","155493","MECB","17","Mechanical and Electrical Engineering Components - Basic",""
"77529120","1183","PCCmpB","155314","155314","PCCB","37","Pharmacy and Chemistry Components - Basic",""
"77529121","1183","ACCmpB","155496","155496","ACCB","4","Armour and Clothing Components - Basic",""
"77529122","1183","NCCmpB","155311","155311","NCCB","58","Nano Crystal Components - Basic",""
"77529123","1183","GCmpB","155499","155499","GCmB","4","General Components - Basic",""
"77529124","1183","OBOFY25","155222","155222","BV22","38","BasicImplants",""
"77529125","1183","OBMPNFR","155233","155233","QKCF","38","BasicMeleeWeaponConstructionKits",""
"77529126","1183","OBUHWW4","155236","155236","XWMV","27","BasicRangedWeaponConstructionKits",""
"77529127","1183","EMTlB","155290","155290","EMTB","5","Tools for Electrical and Mechanical Engineering - Basic",""
"77529128","1183","PCTlB","155287","155287","PCTB","20","Pharmacy and Chemistry Tools and Bases - Basic",""
"77529129","1183","GToolB","155284","155284","GTBB","12","General Tools and Bases - Basic",""
"77529130","1183","GRecB","155508","155508","GReB","17","General Recipes - Basic",""
"77529131","1183","OBGYYPZ","155502","155502","R5R7","21","BasicMeleeWeaponRecipes",""
"77529132","1183","OB6HN4F","155505","155505","HYDQ","95","BasicRangedWeaponRecipes",""
"77529133","1183","FNCB","155299","155299","CluF","85","Faded Nano Clusters - Basic",""
"77529134","1183","BNCB","155302","155302","CluB","85","Bright Nano Clusters - Basic",""
"77529135","1183","SNCB","155308","155308","CluS","84","Shining Nano Clusters - Basic",""
"77529136","1183","OBF6KVT","155296","155296","XSPR","49","BasicMeleeWeaponComponents",""
"77529137","1183","OBJNHBE","155490","155490","F5CG","118","BasicRangedWeaponComponents",""
"77529138","1183","MECmpB","155493","155493","MECB","17","Mechanical and Electrical Engineering Components - Basic",""
"77529139","1183","PCCmpB","155314","155314","PCCB","37","Pharmacy and Chemistry Components - Basic",""
"77529140","1183","ACCmpB","155496","155496","ACCB","4","Armour and Clothing Components - Basic",""
"77529141","1183","NCCmpB","155311","155311","NCCB","58","Nano Crystal Components - Basic",""
"77529142","1183","GCmpB","155499","155499","GCmB","4","General Components - Basic",""
"77529143","1183","OBOFY25","155222","155222","BV22","38","BasicImplants",""
"77529144","1183","OBMPNFR","155233","155233","QKCF","38","BasicMeleeWeaponConstructionKits",""
"77529145","1183","OBUHWW4","155236","155236","XWMV","27","BasicRangedWeaponConstructionKits",""
"77529146","1183","EMTlB","155290","155290","EMTB","5","Tools for Electrical and Mechanical Engineering - Basic",""
"77529147","1183","PCTlB","155287","155287","PCTB","20","Pharmacy and Chemistry Tools and Bases - Basic",""
"77529148","1183","GToolB","155284","155284","GTBB","12","General Tools and Bases - Basic",""
"77529149","1183","OBTGSV6","162158","162158","5M5F","96","BasicOmniTekAdventurerImplants",""
"77529151","1183","OBRGJBU","162161","162161","7LZ3","78","BasicOmniTekAgentImplants",""
"77529153","1183","OBTSB45","162164","162164","O3KI","78","BasicOmniTekBureaucratImplants",""
"77529155","1183","OBPBXFK","162167","162167","6YPW","78","BasicOmniTekDoctorImplants",""
"77529156","1183","OB53DT5","162170","162170","RNWW","96","BasicOmniTekEnforcerImplants",""
"77529157","1183","OBRJVSX","162173","162173","RO4Q","72","BasicOmniTekEngineerImplants",""
"77529158","1183","OBPR5QM","162176","162176","SBQ6","78","BasicOmniTekFixerImplants",""
"77529159","1183","OBVDA5Z","162179","162179","JWHR","78","BasicOmniTekMartialArtistImplants",""
"77529160","1183","OBJIWHL","162182","162182","5BUX","78","BasicOmniTekMetaPhysicistImplants",""
"77529161","1183","OBTYNLZ","162185","162185","A32J","72","BasicOmniTekNanotechnicianImplants",""
"77529162","1183","OB4LOZA","162188","162188","6MQN","78","BasicOmniTekSoldierImplants",""
"77529163","1183","OBED7EA","162191","162191","KVVT","78","BasicOmniTekTraderImplants",""
"77529164","1183","OB3DLM5","252270","252270","KV75","78","BasicOmniTekKeeperImplants",""
"77594624","1184","AdvOA","93063","93063","AdvN","34","Advanced Omni-Tek Adventurer Crystals",""
"77594625","1184","AgeOA","93060","93060","AgeN","34","Advanced Omni-Tek Agent Crystals",""
"77594626","1184","BurOA","93059","93059","BurN","56","Advanced Omni-Tek Bureaucrat Crystals",""
"77594627","1184","DocOA","93056","93056","DocN","57","Advanced Omni-Tek Doctor Crystals",""
"77594628","1184","EnfOA","93054","93054","EnfN","27","Advanced Omni-Tek Enforcer Crystals",""
"77594629","1184","EngOA","93052","93052","EngN","49","Advanced Omni-Tek Engineer Crystals",""
"77594630","1184","FixOA","93051","93051","FixN","26","Advanced Omni-Tek Fixer Crystals",""
"77594631","1184","GenOB","90573","90573","GenN","19","Basic Omni-Tek General Crystals",""
"77594632","1184","MarOA","93048","93048","MarN","28","Advanced Omni-Tek Martial Artists Crystals",""
"77594633","1184","MetOA","93046","93046","MetN","35","Advanced Omni-Tek Meta-Physicist Crystals",""
"77594634","1184","NanOA","93045","93045","NanN","84","Advanced Omni-Tek Nanotechnician Crystals",""
"77594635","1184","SolOA","93042","93042","SolN","28","Advanced Omni-Tek Soldier Crystals",""
"77594636","1184","TraOA","93040","93040","TraN","66","Advanced Omni-Tek Trader Crystals",""
"77594637","1184","GRecA","155509","155509","GReA","17","General Recipes - Advanced",""
"77594638","1184","OALQXGA","155503","155503","IYD4","33","AdvancedMeleeWeaponRecipes",""
"77594639","1184","OAIFSRG","155506","155506","IVM2","159","AdvancedRangedWeaponRecipes",""
"77594640","1184","GRecA","155509","155509","GReA","17","General Recipes - Advanced",""
"77594641","1184","OALQXGA","155503","155503","IYD4","33","AdvancedMeleeWeaponRecipes",""
"77594642","1184","OAIFSRG","155506","155506","IVM2","159","AdvancedRangedWeaponRecipes",""
"77594643","1184","FNCA","155300","155300","CluF","85","Faded Nano Clusters - Advanced",""
"77594644","1184","BNCA","155303","155303","CluB","85","Bright Nano Clusters - Advanced",""
"77594645","1184","SNCA","155309","155309","CluS","84","Shining Nano Clusters - Advanced",""
"77594646","1184","OAAC3R2","155297","155297","LYQY","50","AdvancedMeleeWeaponComponents",""
"77594647","1184","OABOGYY","155491","155491","FJRI","121","AdvancedRangedWeaponComponents",""
"77594648","1184","MECmpA","155494","155494","MECA","16","Mechanical and Electrical Engineering Components - Advanced",""
"77594649","1184","PCCmpA","155488","155488","PCCA","36","Pharmacy and Chemistry Components - Advanced",""
"77594650","1184","ACCmpA","155497","155497","ACCA","4","Armour and Clothing Components - Advanced",""
"77594651","1184","NCCmpA","155312","155312","NCCA","59","Nano Crystal Components - Advanced",""
"77594652","1184","GCmpA","155500","155500","GCmA","4","General Components - Advanced",""
"77594653","1184","FNCA","155300","155300","CluF","85","Faded Nano Clusters - Advanced",""
"77594654","1184","BNCA","155303","155303","CluB","85","Bright Nano Clusters - Advanced",""
"77594655","1184","SNCA","155309","155309","CluS","84","Shining Nano Clusters - Advanced",""
"77594656","1184","OAAC3R2","155297","155297","LYQY","50","AdvancedMeleeWeaponComponents",""
"77594657","1184","OABOGYY","155491","155491","FJRI","121","AdvancedRangedWeaponComponents",""
"77594658","1184","MECmpA","155494","155494","MECA","16","Mechanical and Electrical Engineering Components - Advanced",""
"77594659","1184","PCCmpA","155488","155488","PCCA","36","Pharmacy and Chemistry Components - Advanced",""
"77594660","1184","ACCmpA","155497","155497","ACCA","4","Armour and Clothing Components - Advanced",""
"77594661","1184","NCCmpA","155312","155312","NCCA","59","Nano Crystal Components - Advanced",""
"77594662","1184","GCmpA","155500","155500","GCmA","4","General Components - Advanced",""
"77594663","1184","OAG44BS","155223","155223","2UVY","38","AdvancedImplants",""
"77594664","1184","OAXHP7H","155234","155234","GSUE","38","AdvancedMeleeWeaponConstructionKits",""
"77594665","1184","OAKGM6T","155282","155282","TNCZ","27","AdvancedRangedWeaponConstructionKits",""
"77594666","1184","EMTlA","155291","155291","EMTA","5","Tools for Electrical and Mechanical Engineering - Advanced",""
"77594667","1184","PCTlA","155288","155288","PCTA","20","Pharmacy and Chemistry Tools and Bases - Advanced",""
"77594668","1184","GToolA","155285","155285","GTBA","17","General Tools and Bases - Advanced",""
"77594669","1184","OAG44BS","155223","155223","2UVY","38","AdvancedImplants",""
"77594670","1184","OAXHP7H","155234","155234","GSUE","38","AdvancedMeleeWeaponConstructionKits",""
"77594671","1184","OAKGM6T","155282","155282","TNCZ","27","AdvancedRangedWeaponConstructionKits",""
"77594672","1184","EMTlA","155291","155291","EMTA","5","Tools for Electrical and Mechanical Engineering - Advanced",""
"77594673","1184","PCTlA","155288","155288","PCTA","20","Pharmacy and Chemistry Tools and Bases - Advanced",""
"77594674","1184","GToolA","155285","155285","GTBA","17","General Tools and Bases - Advanced",""
"77594682","1184","OAL6IVC","99386","99386","L3P7","29","OTAdvancedArmor",""
"77594683","1184","OAECAN7","99496","99496","TNQE","7","OTAdvancedAttacks",""
"77594684","1184","OAS6ZPM","99485","99485","JAJA","70","OTAdvancedAugmentations",""
"77594685","1184","OAW76SU","99482","99482","JTYS","40","OTAdvancedMedicalSupplies",""
"77594686","1184","OAAMXEE","99492","99492","VSQU","19","OTAdvancedTools",""
"77594687","1184","OAE5BNV","99479","99479","7IAS","88","OTAdvancedWeapons",""
"77594688","1184","OAFBTI6","99490","99490","3SQ3","15","OTAdvancedClothes",""
"77594689","1184","ContG","99501","99501","Cont","62","Containers",""
"77594690","1184","OAA6B2F","117649","117649","LJI7","2","OTAdvancedMaps",""
"77594691","1184","BkStA","155600","155600","BkSt","16","Advanced Bookstore",""
"77594692","1184","OAX2G2O","155606","155606","66ZZ","26","OmniAdvancedDevices",""
"77660160","1185","AdvOS","93105","93105","AdvN","17","Superior Omni-Tek Adventurer Crystals",""
"77660161","1185","AgeOS","93099","93099","AgeN","22","Superior Omni-Tek Agent Crystals",""
"77660162","1185","BurOS","93095","93095","BurN","33","Superior Omni-Tek Bureaucrat Crystals",""
"77660163","1185","DocOS","93097","93097","DocN","36","Superior Omni-Tek Doctor Crystals",""
"77660164","1185","EnfOS","93092","93092","EnfN","11","Superior Omni-Tek Enforcer Crystals",""
"77660165","1185","EngOS","93094","93094","EngN","29","Superior Omni-Tek Engineer Crystals",""
"77660166","1185","FixOS","93089","93089","FixN","15","Superior Omni-Tek Fixer Crystals",""
"77660167","1185","GenOB","90573","90573","GenN","19","Basic Omni-Tek General Crystals",""
"77660168","1185","MarOS","93084","93084","MarN","13","Superior Omni-Tek Martial Artist Crystals",""
"77660169","1185","MetOS","93079","93079","MetN","20","Superior Omni-Tek Meta-Physicist Crystals",""
"77660170","1185","NanOS","93080","93080","NanN","55","Superior Omni-Tek Nanotechnician Crystals",""
"77660171","1185","SolOS","93081","93081","SolN","15","Superior Omni-Tek Soldier Crystals",""
"77660172","1185","TraOS","93083","93083","TraN","46","Superior Omni-Tek Trader Crystals",""
"77660173","1185","OSLC3UI","99477","99477","PYFP","29","OTSuperiorArmor",""
"77660174","1185","OSRA2ZZ","99497","99497","WQH5","8","OTSuperiorAttacks",""
"77660175","1185","OSGQXEO","99486","99486","HHXC","70","OTSuperiorAugmentations",""
"77660176","1185","OSCP3HJ","99483","99483","JYPE","40","OTSuperiorMedicalSupplies",""
"77660177","1185","OSXOL6H","99493","99493","NTTB","19","OTSuperiorTools",""
"77660178","1185","OSQC5XR","99480","99480","4O66","88","OTSuperiorWeapons",""
"77660179","1185","OSNQQWH","99490","99490","HPBL","16","OTSuperiorClothes",""
"77660180","1185","ContG","99501","99501","Cont","62","Containers",""
"77660181","1185","OSOIVVG","117649","117649","LJI7","2","OTSuperiorMaps",""
"77660182","1185","BkStS","155601","155601","BkSt","16","Superior Bookstore",""
"77660183","1185","OST6OJS","155609","155609","6LO5","27","OmniSuperiorDevices",""
"77660184","1185","GRecS","155510","155510","GReS","17","General Recipes - Superior",""
"77660185","1185","OSAGOLB","155504","155504","OHOO","75","SuperiorMeleeWeaponRecipes",""
"77660186","1185","OSD2ZJQ","155507","155507","CHHQ","325","SuperiorRangedWeaponRecipes",""
"77660187","1185","GRecS","155510","155510","GReS","17","General Recipes - Superior",""
"77660188","1185","OSAGOLB","155504","155504","OHOO","75","SuperiorMeleeWeaponRecipes",""
"77660189","1185","OSD2ZJQ","155507","155507","CHHQ","325","SuperiorRangedWeaponRecipes",""
"77660190","1185","FNCS","155301","155301","CluF","85","Faded Nano Clusters - Superior",""
"77660191","1185","BNCS","155307","155307","CluB","85","Bright Nano Clusters - Superior",""
"77660192","1185","SNCS","155310","155310","CluS","84","Shining Nano Clusters - Superior",""
"77660193","1185","OSFZSPR","155298","155298","VEHL","50","SuperiorMeleeWeaponComponentsA",""
"77660194","1185","OSS7FOI","155492","155492","G2RV","123","SuperiorRangedWeaponComponentsA",""
"77660195","1185","MECmpS","155495","155495","MECS","17","Mechanical and Electrical Engineering Components - Superior",""
"77660196","1185","PCCmpS","155489","155489","PCCS","37","Pharmacy and Chemistry Components - Superior",""
"77660197","1185","OSNB4VR","155498","155498","UZ4T","4","SuperiorArmourClothingComponents",""
"77660198","1185","OSQSROE","155313","155313","ZP6H","60","SuperiorNanoCrystalComponents",""
"77660199","1185","GCmpS","155501","155501","GCmS","4","General Components - Superior",""
"77660200","1185","FNCS","155301","155301","CluF","85","Faded Nano Clusters - Superior",""
"77660201","1185","BNCS","155307","155307","CluB","85","Bright Nano Clusters - Superior",""
"77660202","1185","SNCS","155310","155310","CluS","84","Shining Nano Clusters - Superior",""
"77660203","1185","OSBPZXC","155298","155298","NV6B","50","SuperiorMeleeWeaponComponentsB",""
"77660204","1185","OSV6ABI","155492","155492","OFJQ","123","SuperiorRangedWeaponComponentsB",""
"77660205","1185","MECmpS","155495","155495","MECS","17","Mechanical and Electrical Engineering Components - Superior",""
"77660206","1185","PCCmpS","155489","155489","PCCS","37","Pharmacy and Chemistry Components - Superior",""
"77660207","1185","OSNB4VR","155498","155498","UZ4T","4","SuperiorArmourClothingComponents",""
"77660208","1185","OSQSROE","155313","155313","ZP6H","60","SuperiorNanoCrystalComponents",""
"77660209","1185","GCmpS","155501","155501","GCmS","4","General Components - Superior",""
"77660210","1185","OSC6V6B","155224","155224","ITPE","38","SuperiorImplants",""
"77660211","1185","OSGLKFD","155235","155235","FVLD","39","SuperiorMeleeWeaponConstructionKits",""
"77660212","1185","OSFCG76","155283","155283","CTWD","27","SuperiorRangedWeaponConstructionKits",""
"77660213","1185","EMTlS","155292","155292","EMTS","5","Tools for Electrical and Mechanical Engineering - Superior",""
"77660214","1185","PCTlS","155289","155289","PCTS","20","Pharmacy and Chemistry Tools and Bases - Superior",""
"77660215","1185","GToolS","155286","155286","GTBS","12","General Tools and Bases - Superior",""
"77660216","1185","OSC6V6B","155224","155224","ITPE","38","SuperiorImplants",""
"77660217","1185","OSGLKFD","155235","155235","FVLD","39","SuperiorMeleeWeaponConstructionKits",""
"77660218","1185","OSFCG76","155283","155283","CTWD","27","SuperiorRangedWeaponConstructionKits",""
"77660219","1185","EMTlS","155292","155292","EMTS","5","Tools for Electrical and Mechanical Engineering - Superior",""
"77660220","1185","PCTlS","155289","155289","PCTS","20","Pharmacy and Chemistry Tools and Bases - Superior",""
"77660221","1185","GToolS","155286","155286","GTBS","12","General Tools and Bases - Superior",""
"77725696","1186","ICCGenN","297067","297067","GenN","24","ICC General Nano Programs",""
"77725697","1186","ICCTraN","297070","297070","TraN","135","ICC Trader Nano Programs",""
"77725698","1186","ICCSolN","297069","297069","SolN","67","ICC Soldier Nano Programs",""
"77725699","1186","ICCShaN","297068","297068","ShaN","21","ICC Shade Nano Programs",""
"77725700","1186","ICCNanN","297071","297071","NanN","162","ICC Nano-Technician Nano Programs",""
"77725701","1186","ICCMetN","99551","99551","MetN","68","ICC Meta-Physicist Nano Programs",""
"77725702","1186","ICCMarN","99549","99549","MarN","58","ICC Martial Artist Nano Programs",""
"77725703","1186","ICCKeeN","99552","99552","KeeN","35","ICC Keeper Nano Programs",""
"77725704","1186","ICCFixN","99553","99553","FixN","68","ICC Fixer Nano Programs",""
"77725705","1186","ICCEngN","99567","99567","EngN","94","ICC Engineer Nano Programs",""
"77725706","1186","ICCEnfN","99557","99557","EnfN","60","ICC Enforcer Nano Programs",""
"77725707","1186","ICCDocN","99559","99559","DocN","115","ICC Doctor Nano Programs",""
"77725708","1186","ICCBurN","99558","99558","BurN","115","ICC Bureaucrat Nano Programs",""
"77725709","1186","ICCAgeN","99556","99556","AgeN","67","ICC Agent Nano Programs",""
"77725710","1186","ICCAdvN","99560","99560","AdvN","68","ICC Adventurer Nano Programs",""
"77725711","1186","ICCChB","297433","297433","ChB","107","Basic ICC Chemical Supplies",""
"77725712","1186","ICCChA","297434","297434","ChA","90","Advanced ICC Chemical Supplies",""
"77725713","1186","ICCChS","297435","297435","ChS","41","Superior ICC Chemical Supplies",""
"77725714","1186","ICCEngB","297448","297448","EnB","166","Basic ICC Engineering Supplies",""
"77725715","1186","ICCEngA","297449","297449","EnA","151","Advanced ICC Engineering Supplies",""
"77725716","1186","ICCEngS","297450","297450","EnS","88","Superior ICC Engineering Supplies",""
"77725717","1186","ICCFash","297457","297457","Fash","197","ICC Fashion Supplies",""
"77725718","1186","ICCOfB","297443","297443","OfcB","16","Basic ICC Office Supplies",""
"77725719","1186","ICCOfA","297444","297444","OfcA","15","Advanced ICC Office Supplies",""
"77725720","1186","ICCOfS","297445","297445","OfcS","11","Superior ICC Office Supplies",""
"77725721","1186","ICCSmS","297442","297442","SmS","30","Superior ICC Smithing Supplies",""
"77725722","1186","ICCSmA","297441","297441","SmA","48","Advanced ICC Smithing Supplies",""
"77725723","1186","ICCSmB","297440","297440","SmB","45","Basic ICC Smithing Supplies",""
"77725724","1186","ICCWsB","297454","297454","WsB","849","Basic ICC Weapon Supplies",""
"77725725","1186","ICCWsA","297455","297455","WsA","712","Advanced ICC Weapon Supplies",""
"77725726","1186","ICCWsS","297456","297456","WsS","301","Superior ICC Weapon Supplies",""
"77725727","1186","ICCArB","297451","297451","ArB","64","Basic ICC Architecture Supplies",""
"77725728","1186","ICCArA","297452","297452","ArA","76","Advanced ICC Architecture Supplies",""
"77725729","1186","ICCArS","297453","297453","ArS","94","Superior ICC Architecture Supplies",""
"77725731","1186","ICCCnt","297423","297423","Cont","62","ICC Containers",""
"77725732","1186","ICCTech","297290","297290","0T95","115","ICC Tech Supplies",""
"77725733","1186","ICCAccB","297424","297424","AcB","89","Basic ICC Accessories",""
"77725734","1186","ICCAccA","297425","297425","AcA","86","Advanced ICC Accessories",""
"77725735","1186","ICCAccS","297426","297426","AcS","27","Superior ICC Accessories",""
"77725736","1186","ICCArmB","297427","297427","IAB","88","Basic ICC Armor",""
"77725737","1186","ICCArmA","297428","297428","IAA","65","Advanced ICC Armor",""
"77725738","1186","ICCArmS","297429","297429","IAS","25","Superior ICC Armor",""
"77725739","1186","ICCWepB","297430","297430","WpB","166","Basic ICC Weapons",""
"77725740","1186","ICCWepA","297431","297431","WpA","150","Advanced ICC Weapons",""
"77725741","1186","ICCWepS","297432","297432","WpS","150","Superior ICC Weapons",""
"77725742","1186","ICCAmmo","297459","297459","Ammo","13","ICC Ammunition",""
"77725743","1186","ICCPhaB","297393","297393","Med","99","Basic ICC Pharmacy",""
"77725744","1186","ICCPhaA","297394","297394","Med","90","Advanced ICC Pharmacy",""
"77725745","1186","ICCPhaS","297395","297395","PC1H","54","Superior ICC Pharmacy",""
"77725746","1186","ICCAdvI","302094","302094","AdvI","112","Basic ICC Adventurer Specific Implants",""
"77725747","1186","ICCAgeI","302095","302095","AgeI","91","Basic ICC Agent Specific Implants",""
"77725748","1186","ICCBurI","302096","302096","BurI","91","Basic ICC Bureaucrat Specific Implants",""
"77725749","1186","ICCDocI","302101","302101","DocI","91","Basic ICC Doctor Specific Implants",""
"77725750","1186","ICCEnfI","302102","302102","EnfI","112","Basic ICC Enforcer Specific Implants",""
"77725751","1186","ICCEngI","302103","302103","EngI","84","Basic ICC Engineer Specific Implants",""
"77725752","1186","ICCFixI","302104","302104","FixI","91","Basic ICC Fixer Specific Implants",""
"77725753","1186","ICCKeeI","302106","302106","KeeI","91","Basic ICC Keeper Specific Implants",""
"77725754","1186","ICCMarI","302105","302105","MarI","91","Basic ICC Martial Artist Specific Implants",""
"77725755","1186","ICCMetI","302097","302097","MetI","91","Basic ICC Meta-Physicist Specific Implants",""
"77725756","1186","ICCNanI","302098","302098","NanI","84","Basic ICC Nanotechnician Specific Implants",""
"77725757","1186","ICCSolI","302099","302099","SolI","91","Basic ICC Soldier Specific Implants",""
"77725758","1186","ICCTraI","302100","302100","TraI","91","Basic ICC Trader Specific Implants",""
"77791232","1187","ICCChB","297433","297433","ChB","107","Basic ICC Chemical Supplies",""
"77791233","1187","ICCChA","297434","297434","ChA","90","Advanced ICC Chemical Supplies",""
"77791234","1187","ICCChS","297435","297435","ChS","41","Superior ICC Chemical Supplies",""
"77791235","1187","ICCEngB","297448","297448","EnB","166","Basic ICC Engineering Supplies",""
"77791236","1187","ICCEngA","297449","297449","EnA","151","Advanced ICC Engineering Supplies",""
"77791237","1187","ICCEngS","297450","297450","EnS","88","Superior ICC Engineering Supplies",""
"77791238","1187","ICCFash","297457","297457","Fash","197","ICC Fashion Supplies",""
"77791239","1187","ICCOfB","297443","297443","OfcB","16","Basic ICC Office Supplies",""
"77791240","1187","ICCOfA","297444","297444","OfcA","15","Advanced ICC Office Supplies",""
"77791241","1187","ICCOfS","297445","297445","OfcS","11","Superior ICC Office Supplies",""
"77791242","1187","ICCSmS","297442","297442","SmS","30","Superior ICC Smithing Supplies",""
"77791243","1187","ICCSmA","297441","297441","SmA","48","Advanced ICC Smithing Supplies",""
"77791244","1187","ICCSmB","297440","297440","SmB","45","Basic ICC Smithing Supplies",""
"77791245","1187","ICCWsB","297454","297454","WsB","849","Basic ICC Weapon Supplies",""
"77791246","1187","ICCWsA","297455","297455","WsA","712","Advanced ICC Weapon Supplies",""
"77791247","1187","ICCWsS","297456","297456","WsS","301","Superior ICC Weapon Supplies",""
"77791248","1187","ICCArB","297451","297451","ArB","64","Basic ICC Architecture Supplies",""
"77791249","1187","ICCArA","297452","297452","ArA","76","Advanced ICC Architecture Supplies",""
"77791250","1187","ICCArS","297453","297453","ArS","94","Superior ICC Architecture Supplies",""
"77791252","1187","ICCGenN","297067","297067","GenN","24","ICC General Nano Programs",""
"77791253","1187","ICCTraN","297070","297070","TraN","135","ICC Trader Nano Programs",""
"77791254","1187","ICCSolN","297069","297069","SolN","67","ICC Soldier Nano Programs",""
"77791255","1187","ICCShaN","297068","297068","ShaN","21","ICC Shade Nano Programs",""
"77791256","1187","ICCNanN","297071","297071","NanN","162","ICC Nano-Technician Nano Programs",""
"77791257","1187","ICCMetN","99551","99551","MetN","68","ICC Meta-Physicist Nano Programs",""
"77791258","1187","ICCMarN","99549","99549","MarN","58","ICC Martial Artist Nano Programs",""
"77791259","1187","ICCKeeN","99552","99552","KeeN","35","ICC Keeper Nano Programs",""
"77791260","1187","ICCFixN","99553","99553","FixN","68","ICC Fixer Nano Programs",""
"77791261","1187","ICCEngN","99567","99567","EngN","94","ICC Engineer Nano Programs",""
"77791262","1187","ICCEnfN","99557","99557","EnfN","60","ICC Enforcer Nano Programs",""
"77791263","1187","ICCDocN","99559","99559","DocN","115","ICC Doctor Nano Programs",""
"77791264","1187","ICCBurN","99558","99558","BurN","115","ICC Bureaucrat Nano Programs",""
"77791265","1187","ICCAgeN","99556","99556","AgeN","67","ICC Agent Nano Programs",""
"77791266","1187","ICCAdvN","99560","99560","AdvN","68","ICC Adventurer Nano Programs",""
"77791267","1187","ICCCnt","297423","297423","Cont","62","ICC Containers",""
"77791268","1187","ICCTech","297290","297290","0T95","115","ICC Tech Supplies",""
"77791269","1187","ICCAccB","297424","297424","AcB","89","Basic ICC Accessories",""
"77791270","1187","ICCAccA","297425","297425","AcA","86","Advanced ICC Accessories",""
"77791271","1187","ICCAccS","297426","297426","AcS","27","Superior ICC Accessories",""
"77791272","1187","ICCArmB","297427","297427","IAB","88","Basic ICC Armor",""
"77791273","1187","ICCArmA","297428","297428","IAA","65","Advanced ICC Armor",""
"77791274","1187","ICCArmS","297429","297429","IAS","25","Superior ICC Armor",""
"77791275","1187","ICCWepB","297430","297430","WpB","166","Basic ICC Weapons",""
"77791276","1187","ICCWepA","297431","297431","WpA","150","Advanced ICC Weapons",""
"77791277","1187","ICCWepS","297432","297432","WpS","150","Superior ICC Weapons",""
"77791278","1187","ICCAmmo","297459","297459","Ammo","13","ICC Ammunition",""
"77791279","1187","ICCPhaB","297393","297393","Med","99","Basic ICC Pharmacy",""
"77791280","1187","ICCPhaA","297394","297394","Med","90","Advanced ICC Pharmacy",""
"77791281","1187","ICCPhaS","297395","297395","PC1H","54","Superior ICC Pharmacy",""
"77791282","1187","ICCAdvI","302094","302094","AdvI","112","Basic ICC Adventurer Specific Implants",""
"77791283","1187","ICCAgeI","302095","302095","AgeI","91","Basic ICC Agent Specific Implants",""
"77791284","1187","ICCBurI","302096","302096","BurI","91","Basic ICC Bureaucrat Specific Implants",""
"77791285","1187","ICCDocI","302101","302101","DocI","91","Basic ICC Doctor Specific Implants",""
"77791286","1187","ICCEnfI","302102","302102","EnfI","112","Basic ICC Enforcer Specific Implants",""
"77791287","1187","ICCEngI","302103","302103","EngI","84","Basic ICC Engineer Specific Implants",""
"77791288","1187","ICCFixI","302104","302104","FixI","91","Basic ICC Fixer Specific Implants",""
"77791289","1187","ICCKeeI","302106","302106","KeeI","91","Basic ICC Keeper Specific Implants",""
"77791290","1187","ICCMarI","302105","302105","MarI","91","Basic ICC Martial Artist Specific Implants",""
"77791291","1187","ICCMetI","302097","302097","MetI","91","Basic ICC Meta-Physicist Specific Implants",""
"77791292","1187","ICCNanI","302098","302098","NanI","84","Basic ICC Nanotechnician Specific Implants",""
"77791293","1187","ICCSolI","302099","302099","SolI","91","Basic ICC Soldier Specific Implants",""
"77791294","1187","ICCTraI","302100","302100","TraI","91","Basic ICC Trader Specific Implants",""
"78184448","1193","NBTLELB","99603","99603","I3E4","18","NeutralBasicComputers",""
"78184449","1193","NBBBPWA","99635","99635","7ATH","2","NeutralBasicAdvancedCars",""
"78184450","1193","NB7LZHA","120512","120512","7X7Q","16","NeutralBasicFurniture",""
"78184451","1193","NBM27YC","151983","151983","PX4X","3","NeutralBasicToysAndCuriosities",""
"78184452","1193","NBCQ762","151987","151987","FBQ3","4","NeutralBasicSpecialistCommerce",""
"78184453","1193","NB72WE4","151988","151988","FLEW","21","NeutralBasicSuperiorCars",""
"135004160","2060","ICCAmmo","297459","297459","Ammo","13","ICC Ammunition",""
"135004161","2060","ICCMAtk","297466","297466","MAtk","84","ICC Martial Arts Attacks",""
"135004162","2060","ICCSpWS","297470","297470","SpWS","52","Superior ICC Special Weapons",""
"135004163","2060","ICCSpWB","99572","99572","SpWB","31","Basic ICC Special Weapons",""
"135004164","2060","ICCSpWA","99573","99573","SpWA","30","Advanced ICC Special Weapons",""
"135266304","2064","ICCPhaB","297393","297393","Med","99","Basic ICC Pharmacy",""
"135266309","2064","ICCPhaA","297394","297394","Med","90","Advanced ICC Pharmacy",""
"135266314","2064","ICCPhaS","297395","297395","PC1H","54","Superior ICC Pharmacy",""
"135659520","2070","ICCAmmo","297459","297459","Ammo","13","ICC Ammunition",""
"135659521","2070","ICCMAtk","297466","297466","MAtk","84","ICC Martial Arts Attacks",""
"135659522","2070","ICCSpWS","297470","297470","SpWS","52","Superior ICC Special Weapons",""
"135659523","2070","ICCSpWB","99572","99572","SpWB","31","Basic ICC Special Weapons",""
"135659524","2070","ICCSpWA","99573","99573","SpWA","30","Advanced ICC Special Weapons",""
"135856128","2073","ICCPhaB","297393","297393","Med","99","Basic ICC Pharmacy",""
"135856133","2073","ICCPhaA","297394","297394","Med","90","Advanced ICC Pharmacy",""
"135856138","2073","ICCPhaS","297395","297395","PC1H","54","Superior ICC Pharmacy",""
"137363456","2096","MiiHead","99554","99554","MHea","24","Miiir Headwear",""
"137363457","2096","ICCKeeN","99552","99552","KeeN","35","ICC Keeper Nano Programs",""
"137363458","2096","MiiSwim","99547","99547","MSwm","37","Miiir Swimwear",""
"137363459","2096","ICCMetN","99551","99551","MetN","68","ICC Meta-Physicist Nano Programs",""
"137363460","2096","MiiLeg","99545","99545","MLeg","79","Miiir Legwear",""
"137363461","2096","MiiChst","99548","99548","MChs","79","Miiir Chestwear",""
"137363462","2096","ICCFixN","99553","99553","FixN","68","ICC Fixer Nano Programs",""
"299040768","4563","ToolB","99601","99601","Tool","22","Basic Tools",""
"299040770","4563","ICCSpWB","99572","99572","SpWB","31","Basic ICC Special Weapons",""
"299040771","4563","AtkB","99602","99602","Atk","8","Basic Attacks",""
"299106304","4564","ToolA","152008","152008","Tool","16","Advanced Tools",""
"299106306","4564","ICCSpWA","99573","99573","SpWA","30","Advanced ICC Special Weapons",""
"299106307","4564","AtkA","151981","151981","Atk","9","Advanced Attacks",""
"299171840","4565","ToolS","152012","152012","Tool","17","Superior Tools",""
"299171843","4565","AtkS","151982","151982","Atk","9","Superior Attacks",""
"299302912","4567","SNCB","155308","155308","CluS","84","Shining Nano Clusters - Basic",""
"299302915","4567","FNCB","155299","155299","CluF","85","Faded Nano Clusters - Basic",""
"299302916","4567","BNCB","155302","155302","CluB","85","Bright Nano Clusters - Basic",""
"299368448","4568","SNCA","155309","155309","CluS","84","Shining Nano Clusters - Advanced",""
"299368451","4568","FNCA","155300","155300","CluF","85","Faded Nano Clusters - Advanced",""
"299368452","4568","BNCA","155303","155303","CluB","85","Bright Nano Clusters - Advanced",""
"299433984","4569","SNCS","155310","155310","CluS","84","Shining Nano Clusters - Superior",""
"299433987","4569","FNCS","155301","155301","CluF","85","Faded Nano Clusters - Superior",""
"299433988","4569","BNCS","155307","155307","CluB","85","Bright Nano Clusters - Superior",""
"299565056","4571","DevB","155604","155604","DevB","27","Basic Devices",""
"299565057","4571","GToolB","155284","155284","GTBB","12","General Tools and Bases - Basic",""
"299565058","4571","EMTlB","155290","155290","EMTB","5","Tools for Electrical and Mechanical Engineering - Basic",""
"299565059","4571","PCTlB","155287","155287","PCTB","20","Pharmacy and Chemistry Tools and Bases - Basic",""
"299565060","4571","GRecB","155508","155508","GReB","17","General Recipes - Basic",""
"299565061","4571","GCmpB","155499","155499","GCmB","4","General Components - Basic",""
"299565062","4571","MECmpB","155493","155493","MECB","17","Mechanical and Electrical Engineering Components - Basic",""
"299565063","4571","PCCmpB","155314","155314","PCCB","37","Pharmacy and Chemistry Components - Basic",""
"299565064","4571","ACCmpB","155496","155496","ACCB","4","Armour and Clothing Components - Basic",""
"299565065","4571","NCCmpB","155311","155311","NCCB","58","Nano Crystal Components - Basic",""
"299630592","4572","DevA","155607","155607","DevA","27","Advanced Devices",""
"299630593","4572","GToolA","155285","155285","GTBA","17","General Tools and Bases - Advanced",""
"299630594","4572","EMTlA","155291","155291","EMTA","5","Tools for Electrical and Mechanical Engineering - Advanced",""
"299630595","4572","PCTlA","155288","155288","PCTA","20","Pharmacy and Chemistry Tools and Bases - Advanced",""
"299630596","4572","GRecA","155509","155509","GReA","17","General Recipes - Advanced",""
"299630597","4572","GCmpA","155500","155500","GCmA","4","General Components - Advanced",""
"299630598","4572","MECmpA","155494","155494","MECA","16","Mechanical and Electrical Engineering Components - Advanced",""
"299630599","4572","PCCmpA","155488","155488","PCCA","36","Pharmacy and Chemistry Components - Advanced",""
"299630600","4572","ACCmpA","155497","155497","ACCA","4","Armour and Clothing Components - Advanced",""
"299630601","4572","NCCmpA","155312","155312","NCCA","59","Nano Crystal Components - Advanced",""
"299696128","4573","DevS","155610","155610","DevS","26","Superior Devices",""
"299696129","4573","GToolS","155286","155286","GTBS","12","General Tools and Bases - Superior",""
"299696130","4573","EMTlS","155292","155292","EMTS","5","Tools for Electrical and Mechanical Engineering - Superior",""
"299696131","4573","PCTlS","155289","155289","PCTS","20","Pharmacy and Chemistry Tools and Bases - Superior",""
"299696132","4573","GRecS","155510","155510","GReS","17","General Recipes - Superior",""
"299696133","4573","GCmpS","155501","155501","GCmS","4","General Components - Superior",""
"299696134","4573","MECmpS","155495","155495","MECS","17","Mechanical and Electrical Engineering Components - Superior",""
"299696135","4573","PCCmpS","155489","155489","PCCS","37","Pharmacy and Chemistry Components - Superior",""
"299696136","4573","JACmpS","223502","223502","JACS","4","Jobe Armour and Clothing Components - Superior",""
"299696137","4573","JNCmpS","223505","223505","JNCS","60","Jobe Nano Crystal Components - Superior",""
"429457414","6553","ICCAmmo","297459","297459","Ammo","13","ICC Ammunition",""
"429457415","6553","ICCAmmo","297459","297459","Ammo","13","ICC Ammunition",""
"429457416","6553","ICCMAtk","297466","297466","MAtk","84","ICC Martial Arts Attacks",""
