"Priority","Playfield","PlayfieldName","Coordinates","VendorId","StatelInstanceHex","TemplateId","TemplateName","Family","CaptureInstruction","AccessStatus","PrimarySourcePlayfield","PrimarySourceDoor","PrimarySourceCoords","DestinationDoor","DestinationDoorCoords","PairedDoorCandidate","PairedDoorCandidateCoords","DoorEvidenceNote"
"6","500","Parnassos","215.737,16.4,162.412","32768000","0xC00001F4","99571","Advanced Armor","Classic armor terminals","If you are already here, open this terminal once during broad AOSharp capture.","GM-only / not live-accessible","","","","","","","",""
"7","500","Parnassos","214.427,16.4,162.485","32768001","0xC00101F4","99599","Advanced Augmentations","Other unresolved vendor terminal","If you are already here, open this terminal once during broad AOSharp capture.","GM-only / not live-accessible","","","","","","","",""
"6","500","Parnassos","211.355,16.4,160.109","32768005","0xC00501F4","99570","Basic Armor","Classic armor terminals","If you are already here, open this terminal once during broad AOSharp capture.","GM-only / not live-accessible","","","","","","","",""
"7","500","Parnassos","214.657,16.4,159.581","32768007","0xC00701F4","99598","Basic Augmentations","Other unresolved vendor terminal","If you are already here, open this terminal once during broad AOSharp capture.","GM-only / not live-accessible","","","","","","","",""
"2","500","Parnassos","217.19,16.4,159.708","32768009","0xC00901F4","118287","Basic Nano Clusters","Implants/clusters","If you are already here, open this terminal once during broad AOSharp capture.","GM-only / not live-accessible","","","","","","","",""
"7","500","Parnassos","213.404,16.4,159.507","32768011","0xC00B01F4","99600","Basic Trade Skills","Other unresolved vendor terminal","If you are already here, open this terminal once during broad AOSharp capture.","GM-only / not live-accessible","","","","","","","",""
"7","500","Parnassos","217.822,16.4,161.884","32768013","0xC00D01F4","117938","Basic Weapon Skills","Other unresolved vendor terminal","If you are already here, open this terminal once during broad AOSharp capture.","GM-only / not live-accessible","","","","","","","",""
"3","500","Parnassos","219.649,16.4,160.128","32768014","0xC00E01F4","99503","Clan Advanced Armor","Legacy faction core departments","If you are already here, open this terminal once during broad AOSharp capture.","GM-only / not live-accessible","","","","","","","",""
"4","500","Parnassos","222.913,16.4,161.281","32768017","0xC01101F4","99541","Clan Advanced Cars","Containers/computers/furniture/specialty/cars","If you are already here, open this terminal once during broad AOSharp capture.","GM-only / not live-accessible","","","","","","","",""
"3","500","Parnassos","226.448,16.4,160.231","32768021","0xC01501F4","99522","Clan Advanced Trade Skills","Legacy faction core departments","If you are already here, open this terminal once during broad AOSharp capture.","GM-only / not live-accessible","","","","","","","",""
"7","500","Parnassos","224.476,16.4,158.955","32768023","0xC01701F4","117673","Clan Advanced Weapon Skills","Other unresolved vendor terminal","If you are already here, open this terminal once during broad AOSharp capture.","GM-only / not live-accessible","","","","","","","",""
"4","500","Parnassos","223.332,16.4,158.564","32768024","0xC01801F4","99537","Clan Toys and Curiosities","Containers/computers/furniture/specialty/cars","If you are already here, open this terminal once during broad AOSharp capture.","GM-only / not live-accessible","","","","","","","",""
"6","500","Parnassos","222.312,16.4,158.193","32768025","0xC01901F4","99526","Clan Clothes","Faction clothes/fashion","If you are already here, open this terminal once during broad AOSharp capture.","GM-only / not live-accessible","","","","","","","",""
"4","500","Parnassos","221.331,16.4,157.809","32768026","0xC01A01F4","99539","Clan Computers","Containers/computers/furniture/specialty/cars","If you are already here, open this terminal once during broad AOSharp capture.","GM-only / not live-accessible","","","","","","","",""
"4","500","Parnassos","220.278,16.4,157.358","32768027","0xC01B01F4","99540","Clan Containers","Containers/computers/furniture/specialty/cars","If you are already here, open this terminal once during broad AOSharp capture.","GM-only / not live-accessible","","","","","","","",""
"7","500","Parnassos","219.673,16.4,157.879","32768028","0xC01C01F4","121033","Clan Drinks","Other unresolved vendor terminal","If you are already here, open this terminal once during broad AOSharp capture.","GM-only / not live-accessible","","","","","","","",""
"7","500","Parnassos","219.333,16.4,159.129","32768029","0xC01D01F4","121031","Clan Food","Other unresolved vendor terminal","If you are already here, open this terminal once during broad AOSharp capture.","GM-only / not live-accessible","","","","","","","",""
"4","500","Parnassos","232.893,16.399,165.46","32768030","0xC01E01F4","120511","Clan Furniture","Containers/computers/furniture/specialty/cars","If you are already here, open this terminal once during broad AOSharp capture.","GM-only / not live-accessible","","","","","","","",""
"6","500","Parnassos","231.973,16.4,166.237","32768031","0xC01F01F4","117749","Clan Maps","Maps","If you are already here, open this terminal once during broad AOSharp capture.","GM-only / not live-accessible","","","","","","","",""
"7","500","Parnassos","218.148,16.4,172.2","32768038","0xC02601F4","99561","Clan Miiir Female Tops","Other unresolved vendor terminal","If you are already here, open this terminal once during broad AOSharp capture.","GM-only / not live-accessible","","","","","","","",""
"7","500","Parnassos","223.306,16.4,175.132","32768039","0xC02701F4","99563","Clan Miiir Male Boots","Other unresolved vendor terminal","If you are already here, open this terminal once during broad AOSharp capture.","GM-only / not live-accessible","","","","","","","",""
"7","500","Parnassos","223.583,16.4,172.203","32768040","0xC02801F4","99564","Clan Miiir Male Legwear","Other unresolved vendor terminal","If you are already here, open this terminal once during broad AOSharp capture.","GM-only / not live-accessible","","","","","","","",""
"7","500","Parnassos","222.371,16.4,172.19","32768041","0xC02901F4","99562","Clan Miiir Male Sleeves","Other unresolved vendor terminal","If you are already here, open this terminal once during broad AOSharp capture.","GM-only / not live-accessible","","","","","","","",""
"7","500","Parnassos","221.267,16.4,172.117","32768042","0xC02A01F4","99565","Testlive Itemshop Testing","Other unresolved vendor terminal","If you are already here, open this terminal once during broad AOSharp capture.","GM-only / not live-accessible","","","","","","","",""
"7","500","Parnassos","220.09,16.4,172.17","32768043","0xC02B01F4","99566","Itemshop Portable Vendor (Buckethead Technodealer)","Other unresolved vendor terminal","If you are already here, open this terminal once during broad AOSharp capture.","GM-only / not live-accessible","","","","","","","",""
"4","500","Parnassos","219.015,16.4,171.115","32768048","0xC03001F4","99542","Clan Superior Cars","Containers/computers/furniture/specialty/cars","If you are already here, open this terminal once during broad AOSharp capture.","GM-only / not live-accessible","","","","","","","",""
"3","500","Parnassos","214.963,16.4,170.276","32768052","0xC03401F4","99523","Clan Superior Trade Skills","Legacy faction core departments","If you are already here, open this terminal once during broad AOSharp capture.","GM-only / not live-accessible","","","","","","","",""
"7","500","Parnassos","223.993,16.4,169.768","32768054","0xC03601F4","117674","Clan Superior Weapon Skills","Other unresolved vendor terminal","If you are already here, open this terminal once during broad AOSharp capture.","GM-only / not live-accessible","","","","","","","",""
"7","500","Parnassos","223.792,16.4,168.819","32768055","0xC03701F4","99531","Clan Organization Items","Other unresolved vendor terminal","If you are already here, open this terminal once during broad AOSharp capture.","GM-only / not live-accessible","","","","","","","",""
"4","500","Parnassos","235.707,16.4,177.596","32768056","0xC03801F4","99499","OT Specialist Commerce","Containers/computers/furniture/specialty/cars","If you are already here, open this terminal once during broad AOSharp capture.","GM-only / not live-accessible","","","","","","","",""
"4","500","Parnassos","238.744,16.4,181.014","32768060","0xC03C01F4","99536","OT Superior Cars","Containers/computers/furniture/specialty/cars","If you are already here, open this terminal once during broad AOSharp capture.","GM-only / not live-accessible","","","","","","","",""
"3","500","Parnassos","236.378,16.4,180.767","32768064","0xC04001F4","99489","OT Superior Trade Skills","Legacy faction core departments","If you are already here, open this terminal once during broad AOSharp capture.","GM-only / not live-accessible","","","","","","","",""
"7","500","Parnassos","237.855,16.4,181.098","32768066","0xC04201F4","117648","OT Superior Weapon Skills","Other unresolved vendor terminal","If you are already here, open this terminal once during broad AOSharp capture.","GM-only / not live-accessible","","","","","","","",""
"7","500","Parnassos","113.4,32,422.44","32768067","0xC04301F4","120977","OT Drinks","Other unresolved vendor terminal","If you are already here, open this terminal once during broad AOSharp capture.","GM-only / not live-accessible","","","","","","","",""
"7","500","Parnassos","113.4,32,420.4","32768068","0xC04401F4","120973","OT Food","Other unresolved vendor terminal","If you are already here, open this terminal once during broad AOSharp capture.","GM-only / not live-accessible","","","","","","","",""
"7","500","Parnassos","421.521,32.8,360.723","32768081","0xC05101F4","155595","S h o p - o f - F o r t u n e","Other unresolved vendor terminal","If you are already here, open this terminal once during broad AOSharp capture.","GM-only / not live-accessible","","","","","","","",""
"7","500","Parnassos","468.2,37.001,343.7","32768084","0xC05401F4","155498","Armour and Clothing Components - Superior","Other unresolved vendor terminal","If you are already here, open this terminal once during broad AOSharp capture.","GM-only / not live-accessible","","","","","","","",""
"7","500","Parnassos","473.8,37.001,343.7","32768087","0xC05701F4","155313","Nano Crystal Components - Superior","Other unresolved vendor terminal","If you are already here, open this terminal once during broad AOSharp capture.","GM-only / not live-accessible","","","","","","","",""
"1","500","Parnassos","508.824,37.001,343.7","32768103","0xC06701F4","155296","Melee Weapon Components - Basic","Heavenly weapon construction/components/recipes","If you are already here, open this terminal once during broad AOSharp capture.","GM-only / not live-accessible","","","","","","","",""
"1","500","Parnassos","510.4,37.001,343.735","32768104","0xC06801F4","155297","Melee Weapon Components - Advanced","Heavenly weapon construction/components/recipes","If you are already here, open this terminal once during broad AOSharp capture.","GM-only / not live-accessible","","","","","","","",""
"1","500","Parnassos","512,37.001,343.7","32768105","0xC06901F4","155298","Melee Weapon Components - Superior","Heavenly weapon construction/components/recipes","If you are already here, open this terminal once during broad AOSharp capture.","GM-only / not live-accessible","","","","","","","",""
"1","500","Parnassos","514,37.001,343.707","32768106","0xC06A01F4","155490","Ranged Weapon Components - Basic","Heavenly weapon construction/components/recipes","If you are already here, open this terminal once during broad AOSharp capture.","GM-only / not live-accessible","","","","","","","",""
"1","500","Parnassos","515.6,37.001,343.664","32768107","0xC06B01F4","155491","Ranged Weapon Components - Advanced","Heavenly weapon construction/components/recipes","If you are already here, open this terminal once during broad AOSharp capture.","GM-only / not live-accessible","","","","","","","",""
"1","500","Parnassos","517.2,37.001,343.726","32768108","0xC06C01F4","155492","Ranged Weapon Components - Superior","Heavenly weapon construction/components/recipes","If you are already here, open this terminal once during broad AOSharp capture.","GM-only / not live-accessible","","","","","","","",""
"1","500","Parnassos","427.2,37.001,343.7","32768112","0xC07001F4","155502","Melee Weapon Recipes - Basic","Heavenly weapon construction/components/recipes","If you are already here, open this terminal once during broad AOSharp capture.","GM-only / not live-accessible","","","","","","","",""
"1","500","Parnassos","428.8,37.001,343.7","32768113","0xC07101F4","155503","Melee Weapon Recipes - Advanced","Heavenly weapon construction/components/recipes","If you are already here, open this terminal once during broad AOSharp capture.","GM-only / not live-accessible","","","","","","","",""
"1","500","Parnassos","430.4,37.001,343.7","32768114","0xC07201F4","155504","Melee Weapon Recipes - Superior","Heavenly weapon construction/components/recipes","If you are already here, open this terminal once during broad AOSharp capture.","GM-only / not live-accessible","","","","","","","",""
"1","500","Parnassos","432.8,37.001,343.707","32768115","0xC07301F4","155505","Ranged Weapon Recipes - Basic","Heavenly weapon construction/components/recipes","If you are already here, open this terminal once during broad AOSharp capture.","GM-only / not live-accessible","","","","","","","",""
"1","500","Parnassos","434.4,37.001,343.7","32768116","0xC07401F4","155506","Ranged Weapon Recipes - Advanced","Heavenly weapon construction/components/recipes","If you are already here, open this terminal once during broad AOSharp capture.","GM-only / not live-accessible","","","","","","","",""
"1","500","Parnassos","436,37.001,343.7","32768117","0xC07501F4","155507","Ranged Weapon Recipes - Superior","Heavenly weapon construction/components/recipes","If you are already here, open this terminal once during broad AOSharp capture.","GM-only / not live-accessible","","","","","","","",""
"1","500","Parnassos","441.6,37.001,343.729","32768120","0xC07801F4","155507","Ranged Weapon Recipes - Superior","Heavenly weapon construction/components/recipes","If you are already here, open this terminal once during broad AOSharp capture.","GM-only / not live-accessible","","","","","","","",""
"1","500","Parnassos","472,37.001,320.302","32768121","0xC07901F4","155235","Superior Melee Weapon Construction Kits","Heavenly weapon construction/components/recipes","If you are already here, open this terminal once during broad AOSharp capture.","GM-only / not live-accessible","","","","","","","",""
"1","500","Parnassos","468.8,37.001,320.3","32768122","0xC07A01F4","155233","Basic Melee Weapon Construction Kits","Heavenly weapon construction/components/recipes","If you are already here, open this terminal once during broad AOSharp capture.","GM-only / not live-accessible","","","","","","","",""
"1","500","Parnassos","470.4,37.001,320.3","32768123","0xC07B01F4","155234","Advanced Melee Weapon Construction Kits","Heavenly weapon construction/components/recipes","If you are already here, open this terminal once during broad AOSharp capture.","GM-only / not live-accessible","","","","","","","",""
"1","500","Parnassos","474.2,37.001,320.3","32768124","0xC07C01F4","155236","Basic Ranged Weapon Construction Kits","Heavenly weapon construction/components/recipes","If you are already here, open this terminal once during broad AOSharp capture.","GM-only / not live-accessible","","","","","","","",""
"1","500","Parnassos","475.8,37.001,320.3","32768125","0xC07D01F4","155282","Advanced Ranged Weapon Construction Kits","Heavenly weapon construction/components/recipes","If you are already here, open this terminal once during broad AOSharp capture.","GM-only / not live-accessible","","","","","","","",""
"1","500","Parnassos","477.4,37.001,320.3","32768126","0xC07E01F4","155283","Superior Ranged Weapon Construction Kits","Heavenly weapon construction/components/recipes","If you are already here, open this terminal once during broad AOSharp capture.","GM-only / not live-accessible","","","","","","","",""
"2","500","Parnassos","491.6,37.001,320.3","32768133","0xC08501F4","155222","Basic Implants","Implants/clusters","If you are already here, open this terminal once during broad AOSharp capture.","GM-only / not live-accessible","","","","","","","",""
"2","500","Parnassos","493.2,37.001,320.3","32768134","0xC08601F4","155223","Advanced Implants","Implants/clusters","If you are already here, open this terminal once during broad AOSharp capture.","GM-only / not live-accessible","","","","","","","",""
"2","500","Parnassos","494.8,37.001,320.32","32768135","0xC08701F4","155224","Superior Implants","Implants/clusters","If you are already here, open this terminal once during broad AOSharp capture.","GM-only / not live-accessible","","","","","","","",""
"6","540","Old Athen","442,8.001,330","35389440","0xC000021C","99569","Clan Basic Startup Equipment","Startup equipment","If you are already here, open this terminal once during broad AOSharp capture.","Likely live-accessible","","","","","","","",""
"6","540","Old Athen","462,15,414","35389442","0xC002021C","99569","Clan Basic Startup Equipment","Startup equipment","If you are already here, open this terminal once during broad AOSharp capture.","Likely live-accessible","","","","","","","",""
"6","540","Old Athen","406,15,378","35389444","0xC004021C","99569","Clan Basic Startup Equipment","Startup equipment","If you are already here, open this terminal once during broad AOSharp capture.","Likely live-accessible","","","","","","","",""
"6","540","Old Athen","418,8,458","35389446","0xC006021C","99569","Clan Basic Startup Equipment","Startup equipment","If you are already here, open this terminal once during broad AOSharp capture.","Likely live-accessible","","","","","","","",""
"6","565","Newland Desert","1549.943,31.2,2730.035","37027841","0xC0010235","99570","Basic Armor","Classic armor terminals","If you are already here, open this terminal once during broad AOSharp capture.","Likely live-accessible","","","","","","","",""
"6","565","Newland Desert","1518.001,31.2,2730.07","37027844","0xC0040235","99643","Basic Startup Equipment","Startup equipment","If you are already here, open this terminal once during broad AOSharp capture.","Likely live-accessible","","","","","","","",""
"2","565","Newland Desert","1510.011,31.2,2730.056","37027845","0xC0050235","118287","Basic Nano Clusters","Implants/clusters","If you are already here, open this terminal once during broad AOSharp capture.","Likely live-accessible","","","","","","","",""
"7","565","Newland Desert","2187.295,21.3,1551.807","37027847","0xC0070235","121035","Food","Other unresolved vendor terminal","If you are already here, open this terminal once during broad AOSharp capture.","Likely live-accessible","","","","","","","",""
"7","565","Newland Desert","2185.245,21.3,1552.811","37027848","0xC0080235","121037","Drinks","Other unresolved vendor terminal","If you are already here, open this terminal once during broad AOSharp capture.","Likely live-accessible","","","","","","","",""
"3","665","Broken Shores","729.875,22.01,1541.501","43581441","0xC0010299","99522","Clan Advanced Trade Skills","Legacy faction core departments","If you are already here, open this terminal once during broad AOSharp capture.","Likely live-accessible","","","","","","","",""
"3","665","Broken Shores","2313.068,7.2,2240.402","43581442","0xC0020299","99488","OT Advanced Trade Skills","Legacy faction core departments","If you are already here, open this terminal once during broad AOSharp capture.","Likely live-accessible","","","","","","","",""
"6","695","Lush Fields","3277,7,2938","45547520","0xC00002B7","99643","Basic Startup Equipment","Startup equipment","If you are already here, open this terminal once during broad AOSharp capture.","Likely live-accessible","","","","","","","",""
"6","710","Omni-1 Trade","246,8,413","46530560","0xC00002C6","99555","OT Basic Startup Equipment","Startup equipment","If you are already here, open this terminal once during broad AOSharp capture.","Likely live-accessible","","","","","","","",""
"6","710","Omni-1 Trade","246,8,350","46530561","0xC00102C6","99555","OT Basic Startup Equipment","Startup equipment","If you are already here, open this terminal once during broad AOSharp capture.","Likely live-accessible","","","","","","","",""
"6","710","Omni-1 Trade","562,8,351","46530562","0xC00202C6","99555","OT Basic Startup Equipment","Startup equipment","If you are already here, open this terminal once during broad AOSharp capture.","Likely live-accessible","","","","","","","",""
"6","710","Omni-1 Trade","562,8,413","46530563","0xC00302C6","99555","OT Basic Startup Equipment","Startup equipment","If you are already here, open this terminal once during broad AOSharp capture.","Likely live-accessible","","","","","","","",""
"4","791","Holes in the Wall","351.576,0.208,778.344","51838976","0xC0000317","99634","Containers","Containers/computers/furniture/specialty/cars","If you are already here, open this terminal once during broad AOSharp capture.","Likely live-accessible","","","","","","","",""
"7","791","Holes in the Wall","344.669,0.504,780.376","51838977","0xC0010317","151974","Superior Weapons","Other unresolved vendor terminal","If you are already here, open this terminal once during broad AOSharp capture.","Likely live-accessible","","","","","","","",""
"6","950","Omni Training","60,14,50","62259200","0xC00003B6","100035","Startup Shop!","Startup equipment","If you are already here, open this terminal once during broad AOSharp capture.","Likely live-accessible","Omni-1 Entertainment Backyard 1","0xE7100BB8","112.143,116.87,101.395","0xC00003B6 @ 52.597,15.87,55.136","52.597,15.87,55.136","","",""
"6","952","Clan Training","48,14,62","62390272","0xC00003B8","100034","Startup Shop!","Startup equipment","If you are already here, open this terminal once during broad AOSharp capture.","Likely live-accessible","Clan Backyard","0xE71003B9","77.749,25.859,59.156","0xC00103B8 @ 40.238,14.859,70.092","40.238,14.859,70.092","","",""
"6","954","Neutral Training","227.013,6,83.073","62521344","0xC00003BA","99643","Basic Startup Equipment","Startup equipment","If you are already here, open this terminal once during broad AOSharp capture.","Likely live-accessible","Borealis Backyard 1","0xE7100C08","122.603,39.965,77.115","0xC00003BA @ 239.886,5.965,69.931","239.886,5.965,69.931","","",""
"6","954","Neutral Training","150.322,3.472,47.923","62521345","0xC00103BA","99643","Basic Startup Equipment","Startup equipment","If you are already here, open this terminal once during broad AOSharp capture.","Likely live-accessible","Borealis Backyard 1","0xE7100C08","122.603,39.965,77.115","0xC00003BA @ 239.886,5.965,69.931","239.886,5.965,69.931","","",""
"7","1426","Clan Registration dng","166.991,5.01,235.899","93454336","0xC0000592","25885","Budget Ammunition Shop","Other unresolved vendor terminal","If you are already here, open this terminal once during broad AOSharp capture.","Likely special/dungeon; verify before travel","","","","","","","",""
"7","1426","Clan Registration dng","171.952,5.01,238.745","93454337","0xC0010592","81799","Organization registration shop","Other unresolved vendor terminal","If you are already here, open this terminal once during broad AOSharp capture.","Likely special/dungeon; verify before travel","","","","","","","",""
"7","1427","Omni registration dng","201.952,5,172.745","93519872","0xC0000593","81799","Organization registration shop","Other unresolved vendor terminal","If you are already here, open this terminal once during broad AOSharp capture.","Likely special/dungeon; verify before travel","","","","","","","",""
"7","1428","Neutral organisation dng","201.952,5,162.745","93585408","0xC0000594","81799","Organization registration shop","Other unresolved vendor terminal","If you are already here, open this terminal once during broad AOSharp capture.","Unknown accessibility","","","","","","","",""
"6","1887","Treepine Hut","199.189,5,286.698","123666433","0xC001075F","99490","OT Clothes","Faction clothes/fashion","If you are already here, open this terminal once during broad AOSharp capture.","Likely live-accessible","Pleasant Meadows","0xC00E0276","2273.288,4.247,1825.317","0xC002075F @ 197.005,5,266.009","197.005,5,266.009","","",""
"6","4354","Uncle Bazzits Workshop (Dng)","189.677,6.02,146.744","285343744","0xC0001102","247744","Maria's Fashion","Faction clothes/fashion","If you are already here, open this terminal once during broad AOSharp capture.","Likely special/dungeon; verify before travel","Newland Desert","0xC0000235","1546.475,31.502,2717.811","0xC0001102 @ 183.002,6.02,155.985","183.002,6.02,155.985","","",""
"7","4354","Uncle Bazzits Workshop (Dng)","190.031,6.02,144.965","285343745","0xC0011102","247743","Uncle Bazzit's Miscellany","Other unresolved vendor terminal","If you are already here, open this terminal once during broad AOSharp capture.","Likely special/dungeon; verify before travel","Newland Desert","0xC0000235","1546.475,31.502,2717.811","0xC0001102 @ 183.002,6.02,155.985","183.002,6.02,155.985","","",""
"7","4354","Uncle Bazzits Workshop (Dng)","188.385,6.021,143.679","285343746","0xC0021102","254816","Uncle Bazzit's Floorplans","Other unresolved vendor terminal","If you are already here, open this terminal once during broad AOSharp capture.","Likely special/dungeon; verify before travel","Newland Desert","0xC0000235","1546.475,31.502,2717.811","0xC0001102 @ 183.002,6.02,155.985","183.002,6.02,155.985","","",""
"7","4354","Uncle Bazzits Workshop (Dng)","177.233,6.02,143.604","285343747","0xC0031102","255998","Uncle Bazzit's Landscaping","Other unresolved vendor terminal","If you are already here, open this terminal once during broad AOSharp capture.","Likely special/dungeon; verify before travel","Newland Desert","0xC0000235","1546.475,31.502,2717.811","0xC0001102 @ 183.002,6.02,155.985","183.002,6.02,155.985","","",""
"7","4354","Uncle Bazzits Workshop (Dng)","176.295,6.02,145.301","285343748","0xC0041102","255997","Uncle Bazzit's Furnishings","Other unresolved vendor terminal","If you are already here, open this terminal once during broad AOSharp capture.","Likely special/dungeon; verify before travel","Newland Desert","0xC0000235","1546.475,31.502,2717.811","0xC0001102 @ 183.002,6.02,155.985","183.002,6.02,155.985","","",""
"7","4364","Unicorn Outpost","146.464,100.907,156.153","285999104","0xC000110C","256457","Unicorn Supply Depot","Other unresolved vendor terminal","If you are already here, open this terminal once during broad AOSharp capture.","Unknown accessibility","","","","","","","",""
"7","4364","Unicorn Outpost","143.328,100.886,152.997","285999105","0xC001110C","287037","Unicorn Medical Supply Depot","Other unresolved vendor terminal","If you are already here, open this terminal once during broad AOSharp capture.","Unknown accessibility","","","","","","","",""
"6","4563","Hardware Dimension - Basic","33.65,2.1,41.5","299040769","0xC00111D3","99570","Basic Armor","Classic armor terminals","If you are already here, open this terminal once during broad AOSharp capture.","Unknown accessibility","Jobe Harbor","0xC00411B3","191.074,282.616,331.007","0xC00011D3 @ 41.991,6.004,47.989","41.991,6.004,47.989","","",""
"6","4564","Hardware Dimension - Advanced","33.65,2.1,41.5","299106305","0xC00111D4","99571","Advanced Armor","Classic armor terminals","If you are already here, open this terminal once during broad AOSharp capture.","Unknown accessibility","Jobe Market","0xC00311B4","447.659,362.737,381.7","0xC00011D4 @ 41.991,6.004,47.989","41.991,6.004,47.989","","",""
"6","4565","Hardware Dimenion - Superior","33.65,2.1,41.5","299171841","0xC00111D5","151973","Superior Armor","Classic armor terminals","If you are already here, open this terminal once during broad AOSharp capture.","Unknown accessibility","Jobe Plaza","0xC00211B5","193.3,482.791,179.373","0xC00011D5 @ 41.991,6.004,47.989","41.991,6.004,47.989","","",""
"7","4565","Hardware Dimenion - Superior","36.35,2.1,41.5","299171842","0xC00211D5","151974","Superior Weapons","Other unresolved vendor terminal","If you are already here, open this terminal once during broad AOSharp capture.","Unknown accessibility","Jobe Plaza","0xC00211B5","193.3,482.791,179.373","0xC00011D5 @ 41.991,6.004,47.989","41.991,6.004,47.989","","",""
"7","4565","Hardware Dimenion - Superior","33,2.1,29.4","299171844","0xC00411D5","224079","Superior Equipment for Nano Specialists","Other unresolved vendor terminal","If you are already here, open this terminal once during broad AOSharp capture.","Unknown accessibility","Jobe Plaza","0xC00211B5","193.3,482.791,179.373","0xC00011D5 @ 41.991,6.004,47.989","41.991,6.004,47.989","","",""
"7","4567","Dimensional Shift - Basic","28.1,2.1,40.1","299302913","0xC00111D7","220329","Costly Regenerative Supplies --- 1-90","Other unresolved vendor terminal","If you are already here, open this terminal once during broad AOSharp capture.","Unknown accessibility","Jobe Harbor","0xC00211B3","239.129,292.717,407.479","0xC00011D7 @ 55.988,6.006,47.991","55.988,6.006,47.991","","",""
"2","4567","Dimensional Shift - Basic","46.9,2.1,29.2","299302914","0xC00211D7","155222","Basic Implants","Implants/clusters","If you are already here, open this terminal once during broad AOSharp capture.","Unknown accessibility","Jobe Harbor","0xC00211B3","239.129,292.717,407.479","0xC00011D7 @ 55.988,6.006,47.991","55.988,6.006,47.991","","",""
"7","4568","Dimensional Shift - Advanced","28.1,2.1,40.1","299368449","0xC00111D8","220329","Costly Regenerative Supplies --- 1-90","Other unresolved vendor terminal","If you are already here, open this terminal once during broad AOSharp capture.","Unknown accessibility","Jobe Market","0xC00511B4","383.93,362.891,362.405","0xC00011D8 @ 55.988,6.005,47.991","55.988,6.005,47.991","","",""
"2","4568","Dimensional Shift - Advanced","46.9,2.1,29.2","299368450","0xC00211D8","155223","Advanced Implants","Implants/clusters","If you are already here, open this terminal once during broad AOSharp capture.","Unknown accessibility","Jobe Market","0xC00511B4","383.93,362.891,362.405","0xC00011D8 @ 55.988,6.005,47.991","55.988,6.005,47.991","","",""
"7","4569","Dimensional Shift - Superior","28.1,2.1,40.1","299433985","0xC00111D9","220330","Costly Regenerative Supplies --- 100-175","Other unresolved vendor terminal","If you are already here, open this terminal once during broad AOSharp capture.","Unknown accessibility","Jobe Plaza","0xC00311B5","198.696,482.791,165.968","0xC00011D9 @ 55.988,6.005,47.991","55.988,6.005,47.991","","",""
"2","4569","Dimensional Shift - Superior","46.9,2.1,29.2","299433986","0xC00211D9","155224","Superior Implants","Implants/clusters","If you are already here, open this terminal once during broad AOSharp capture.","Unknown accessibility","Jobe Plaza","0xC00311B5","198.696,482.791,165.968","0xC00011D9 @ 55.988,6.005,47.991","55.988,6.005,47.991","","",""
"5","4704","Tower Shop (dungeon)","189,5.01,141","308281344","0xC0001260","297060","Hovercrafts","ICC/tower shop special vendors","If you are already here, open this terminal once during broad AOSharp capture.","Likely special/dungeon; verify before travel","Borealis","0xC0180320","729.813,61.686,651.696","0xC0001260 @ 193.988,9.006,153.992","193.988,9.006,153.992","0xC0011260","178,9.005,157.986","No patch. Keep as reference evidence for this interior family."
"5","4704","Tower Shop (dungeon)","187.042,5.01,141","308281345","0xC0011260","297059","Aircrafts","ICC/tower shop special vendors","If you are already here, open this terminal once during broad AOSharp capture.","Likely special/dungeon; verify before travel","Borealis","0xC0180320","729.813,61.686,651.696","0xC0001260 @ 193.988,9.006,153.992","193.988,9.006,153.992","0xC0011260","178,9.005,157.986","No patch. Keep as reference evidence for this interior family."
"5","4704","Tower Shop (dungeon)","185,5.01,140.971","308281346","0xC0021260","297056","Watercrafts","ICC/tower shop special vendors","If you are already here, open this terminal once during broad AOSharp capture.","Likely special/dungeon; verify before travel","Borealis","0xC0180320","729.813,61.686,651.696","0xC0001260 @ 193.988,9.006,153.992","193.988,9.006,153.992","0xC0011260","178,9.005,157.986","No patch. Keep as reference evidence for this interior family."
"5","4704","Tower Shop (dungeon)","162.953,5.011,136","308281347","0xC0031260","297061","Basic Towers","ICC/tower shop special vendors","If you are already here, open this terminal once during broad AOSharp capture.","Likely special/dungeon; verify before travel","Borealis","0xC0180320","729.813,61.686,651.696","0xC0001260 @ 193.988,9.006,153.992","193.988,9.006,153.992","0xC0011260","178,9.005,157.986","No patch. Keep as reference evidence for this interior family."
"5","4704","Tower Shop (dungeon)","163,5.01,137.98","308281348","0xC0041260","297064","Advanced Towers","ICC/tower shop special vendors","If you are already here, open this terminal once during broad AOSharp capture.","Likely special/dungeon; verify before travel","Borealis","0xC0180320","729.813,61.686,651.696","0xC0001260 @ 193.988,9.006,153.992","193.988,9.006,153.992","0xC0011260","178,9.005,157.986","No patch. Keep as reference evidence for this interior family."
"5","4704","Tower Shop (dungeon)","171,5.01,166.966","308281349","0xC0051260","249724","Leets-R-Us","ICC/tower shop special vendors","If you are already here, open this terminal once during broad AOSharp capture.","Likely special/dungeon; verify before travel","Borealis","0xC0180320","729.813,61.686,651.696","0xC0001260 @ 193.988,9.006,153.992","193.988,9.006,153.992","0xC0011260","178,9.005,157.986","No patch. Keep as reference evidence for this interior family."
"5","4704","Tower Shop (dungeon)","166.952,5.01,167","308281350","0xC0061260","258794","Veteran Rewards Vendor","ICC/tower shop special vendors","If you are already here, open this terminal once during broad AOSharp capture.","Likely special/dungeon; verify before travel","Borealis","0xC0180320","729.813,61.686,651.696","0xC0001260 @ 193.988,9.006,153.992","193.988,9.006,153.992","0xC0011260","178,9.005,157.986","No patch. Keep as reference evidence for this interior family."
"5","4704","Tower Shop (dungeon)","189,5.01,167","308281366","0xC0161260","295890","Clan City Buildings","ICC/tower shop special vendors","If you are already here, open this terminal once during broad AOSharp capture.","Likely special/dungeon; verify before travel","Borealis","0xC0180320","729.813,61.686,651.696","0xC0001260 @ 193.988,9.006,153.992","193.988,9.006,153.992","0xC0011260","178,9.005,157.986","No patch. Keep as reference evidence for this interior family."
"5","4704","Tower Shop (dungeon)","187,5.01,167","308281367","0xC0171260","295891","Omni City Buildings","ICC/tower shop special vendors","If you are already here, open this terminal once during broad AOSharp capture.","Likely special/dungeon; verify before travel","Borealis","0xC0180320","729.813,61.686,651.696","0xC0001260 @ 193.988,9.006,153.992","193.988,9.006,153.992","0xC0011260","178,9.005,157.986","No patch. Keep as reference evidence for this interior family."
"5","4704","Tower Shop (dungeon)","185,5.01,167","308281368","0xC0181260","295892","Neutral City Buildings","ICC/tower shop special vendors","If you are already here, open this terminal once during broad AOSharp capture.","Likely special/dungeon; verify before travel","Borealis","0xC0180320","729.813,61.686,651.696","0xC0001260 @ 193.988,9.006,153.992","193.988,9.006,153.992","0xC0011260","178,9.005,157.986","No patch. Keep as reference evidence for this interior family."
"5","4704","Tower Shop (dungeon)","183,5.01,167","308281369","0xC0191260","295893","Social City Buildings","ICC/tower shop special vendors","If you are already here, open this terminal once during broad AOSharp capture.","Likely special/dungeon; verify before travel","Borealis","0xC0180320","729.813,61.686,651.696","0xC0001260 @ 193.988,9.006,153.992","193.988,9.006,153.992","0xC0011260","178,9.005,157.986","No patch. Keep as reference evidence for this interior family."
"4","4704","Tower Shop (dungeon)","193,5.01,178","308281370","0xC01A1260","297058","Furniture","Containers/computers/furniture/specialty/cars","If you are already here, open this terminal once during broad AOSharp capture.","Likely special/dungeon; verify before travel","Borealis","0xC0180320","729.813,61.686,651.696","0xC0001260 @ 193.988,9.006,153.992","193.988,9.006,153.992","0xC0011260","178,9.005,157.986","No patch. Keep as reference evidence for this interior family."
"5","4704","Tower Shop (dungeon)","193,5.01,176","308281371","0xC01B1260","297057","Decor","ICC/tower shop special vendors","If you are already here, open this terminal once during broad AOSharp capture.","Likely special/dungeon; verify before travel","Borealis","0xC0180320","729.813,61.686,651.696","0xC0001260 @ 193.988,9.006,153.992","193.988,9.006,153.992","0xC0011260","178,9.005,157.986","No patch. Keep as reference evidence for this interior family."
"5","4704","Tower Shop (dungeon)","163,5.01,140","308281372","0xC01C1260","297063","Superior Towers","ICC/tower shop special vendors","If you are already here, open this terminal once during broad AOSharp capture.","Likely special/dungeon; verify before travel","Borealis","0xC0180320","729.813,61.686,651.696","0xC0001260 @ 193.988,9.006,153.992","193.988,9.006,153.992","0xC0011260","178,9.005,157.986","No patch. Keep as reference evidence for this interior family."
"5","4704","Tower Shop (dungeon)","168,5.01,148.997","308281373","0xC01D1260","297062","Basic Contracts","ICC/tower shop special vendors","If you are already here, open this terminal once during broad AOSharp capture.","Likely special/dungeon; verify before travel","Borealis","0xC0180320","729.813,61.686,651.696","0xC0001260 @ 193.988,9.006,153.992","193.988,9.006,153.992","0xC0011260","178,9.005,157.986","No patch. Keep as reference evidence for this interior family."
"5","4704","Tower Shop (dungeon)","170.026,5.01,149","308281374","0xC01E1260","297065","Advanced Contracts","ICC/tower shop special vendors","If you are already here, open this terminal once during broad AOSharp capture.","Likely special/dungeon; verify before travel","Borealis","0xC0180320","729.813,61.686,651.696","0xC0001260 @ 193.988,9.006,153.992","193.988,9.006,153.992","0xC0011260","178,9.005,157.986","No patch. Keep as reference evidence for this interior family."
"5","4704","Tower Shop (dungeon)","172,5.01,149.037","308281375","0xC01F1260","297066","Superior Contracts","ICC/tower shop special vendors","If you are already here, open this terminal once during broad AOSharp capture.","Likely special/dungeon; verify before travel","Borealis","0xC0180320","729.813,61.686,651.696","0xC0001260 @ 193.988,9.006,153.992","193.988,9.006,153.992","0xC0011260","178,9.005,157.986","No patch. Keep as reference evidence for this interior family."
"5","6007","BS Signup (dng)","220.01,6.02,232.985","393674752","0xC0001777","266562","Ofab Adventurer Vendor","OFAB vendors","If you are already here, open this terminal once during broad AOSharp capture.","Likely special/dungeon; verify before travel","","","","","","","",""
"5","6007","BS Signup (dng)","222,6.02,232.985","393674753","0xC0011777","266563","Ofab Agent Vendor","OFAB vendors","If you are already here, open this terminal once during broad AOSharp capture.","Likely special/dungeon; verify before travel","","","","","","","",""
"5","6007","BS Signup (dng)","224.027,6.02,232.985","393674754","0xC0021777","266569","Ofab Bureaucrat Vendor","OFAB vendors","If you are already here, open this terminal once during broad AOSharp capture.","Likely special/dungeon; verify before travel","","","","","","","",""
"5","6007","BS Signup (dng)","226.01,6.02,232.982","393674755","0xC0031777","266564","Ofab Doctor Vendor","OFAB vendors","If you are already here, open this terminal once during broad AOSharp capture.","Likely special/dungeon; verify before travel","","","","","","","",""
"5","6007","BS Signup (dng)","228.01,6.02,232.985","393674756","0xC0041777","266565","Ofab Enforcer Vendor","OFAB vendors","If you are already here, open this terminal once during broad AOSharp capture.","Likely special/dungeon; verify before travel","","","","","","","",""
"5","6007","BS Signup (dng)","230.01,6.02,232.985","393674757","0xC0051777","266566","Ofab Engineer Vendor","OFAB vendors","If you are already here, open this terminal once during broad AOSharp capture.","Likely special/dungeon; verify before travel","","","","","","","",""
"5","6007","BS Signup (dng)","232.01,6.02,232.985","393674758","0xC0061777","266567","Ofab Fixer Vendor","OFAB vendors","If you are already here, open this terminal once during broad AOSharp capture.","Likely special/dungeon; verify before travel","","","","","","","",""
"5","6007","BS Signup (dng)","234.01,6.02,232.985","393674759","0xC0071777","266568","Ofab Keeper Vendor","OFAB vendors","If you are already here, open this terminal once during broad AOSharp capture.","Likely special/dungeon; verify before travel","","","","","","","",""
"5","6007","BS Signup (dng)","236.01,6.02,232.985","393674760","0xC0081777","266570","Ofab Martial Artist Vendor","OFAB vendors","If you are already here, open this terminal once during broad AOSharp capture.","Likely special/dungeon; verify before travel","","","","","","","",""
"5","6007","BS Signup (dng)","238.01,6.02,232.985","393674761","0xC0091777","266571","Ofab Meta-Physicist Vendor","OFAB vendors","If you are already here, open this terminal once during broad AOSharp capture.","Likely special/dungeon; verify before travel","","","","","","","",""
"5","6007","BS Signup (dng)","240.01,6.02,232.985","393674762","0xC00A1777","266572","Ofab Nano-Technician Vendor","OFAB vendors","If you are already here, open this terminal once during broad AOSharp capture.","Likely special/dungeon; verify before travel","","","","","","","",""
"5","6007","BS Signup (dng)","241.988,6.02,233.019","393674763","0xC00B1777","266574","Ofab Shade Vendor","OFAB vendors","If you are already here, open this terminal once during broad AOSharp capture.","Likely special/dungeon; verify before travel","","","","","","","",""
"5","6007","BS Signup (dng)","244.01,6.02,233.014","393674764","0xC00C1777","266573","Ofab Soldier Vendor","OFAB vendors","If you are already here, open this terminal once during broad AOSharp capture.","Likely special/dungeon; verify before travel","","","","","","","",""
"5","6007","BS Signup (dng)","246.01,6.02,232.985","393674765","0xC00D1777","266575","Ofab Trader Vendor","OFAB vendors","If you are already here, open this terminal once during broad AOSharp capture.","Likely special/dungeon; verify before travel","","","","","","","",""
"5","6007","BS Signup (dng)","216.501,6.021,223.962","393674766","0xC00E1777","266579","Ofab General Vendor","OFAB vendors","If you are already here, open this terminal once during broad AOSharp capture.","Likely special/dungeon; verify before travel","","","","","","","",""
"5","6007","BS Signup (dng)","216.501,6.02,221.975","393674767","0xC00F1777","266577","Ofab Melee Weapons","OFAB vendors","If you are already here, open this terminal once during broad AOSharp capture.","Likely special/dungeon; verify before travel","","","","","","","",""
"5","6007","BS Signup (dng)","216.46,6.02,219.975","393674768","0xC0101777","266576","Ofab Ranged Weapons","OFAB vendors","If you are already here, open this terminal once during broad AOSharp capture.","Likely special/dungeon; verify before travel","","","","","","","",""
"7","6131","ICC Holodeck Alien Training","195.672,6.017,130.331","401801216","0xC00017F3","287476","ICC Starter Equipment","Other unresolved vendor terminal","If you are already here, open this terminal once during broad AOSharp capture.","Unknown accessibility","Arete Landing","0xC0031999","","0xC00117F3 @ 186.9,6.017,114","186.9,6.017,114","","",""
"7","7011","Freelancers Inc. HQ - Rome","93.972,2.01,73.734","459472896","0xC0001B63","285348","Agency Shop","Other unresolved vendor terminal","If you are already here, open this terminal once during broad AOSharp capture.","Unknown accessibility","","","","","","","",""
"7","7012","Freelancers Inc. HQ - Old Athen","92.2,2.01,102","459538432","0xC0001B64","284692","Agency Shop","Other unresolved vendor terminal","If you are already here, open this terminal once during broad AOSharp capture.","Likely live-accessible","","","","","","","",""
